ID,GROUP,SESSION,DATE,TIME,TRIAL_BLK,BLK_NO,DISTRIBUTION,AMP,LOGICAL_AMP,PHY_BOUND,DISTANCE,TRUE_CAT,SUB RESPONSE,FEEDBACK,RT,CORRECT_B,CORRECT_S,pDISTRIBUTION,pAMP,pphyBOUND,pDISTANCE,pTRUE_CAT,pSUB RESPONSE,pFEEDBACK,pRT,TOTAL_BLK,TOTAL_TRIAL_INBLK,TRIAL_SSE
002,1,1,20260611,174723,1,1,0,71.0206,0.7347,60.0,11.0206,1,1,1,0.7921597000677139,1,1,---,---,---,---,---,---,---,---,4,30,1
002,1,1,20260611,174726,2,1,0,74.6469,0.9765,60.0,14.6469,1,1,1,0.7152520000236109,2,2,0,71.0206,60.0,11.0206,1,1,1,0.7921597000677139,4,30,2
002,1,1,20260611,174728,3,1,0,70.311,0.6874,60.0,10.311,1,0,0,0.7648437001043931,2,2,0,74.6469,60.0,14.6469,1,1,1,0.7152520000236109,4,30,3
002,1,1,20260611,174731,4,1,0,63.6524,0.2435,60.0,3.6524,1,0,0,0.615367199992761,2,2,0,70.311,60.0,10.311,1,0,0,0.7648437001043931,4,30,4
002,1,1,20260611,174733,5,1,0,63.2691,0.2179,60.0,3.2691,1,1,1,0.5660702999448404,3,3,0,63.6524,60.0,3.6524,1,0,0,0.615367199992761,4,30,5
002,1,1,20260611,174735,6,1,0,47.2884,-0.8474,60.0,12.7116,0,0,1,0.6502099999925122,4,4,0,63.2691,60.0,3.2691,1,1,1,0.5660702999448404,4,30,6
002,1,1,20260611,174737,7,1,0,57.9729,-0.1351,60.0,2.0271,0,0,1,0.6163524999283254,5,5,0,47.2884,60.0,12.7116,0,0,1,0.6502099999925122,4,30,7
002,1,1,20260611,174739,8,1,0,57.5806,-0.1613,60.0,2.4194,0,0,1,0.6827900999924168,6,6,0,57.9729,60.0,2.0271,0,0,1,0.6163524999283254,4,30,8
002,1,1,20260611,174742,9,1,0,50.6888,-0.6207,60.0,9.3112,0,1,0,0.41380260000005364,6,6,0,57.5806,60.0,2.4194,0,0,1,0.6827900999924168,4,30,9
002,1,1,20260611,174744,10,1,0,49.2755,-0.715,60.0,10.7245,0,0,1,0.5322018000297248,7,7,0,50.6888,60.0,9.3112,0,1,0,0.4138026000000536,4,30,10
002,1,1,20260611,174748,11,1,0,59.979,-0.0014,60.0,0.021,0,-1,-1,-1,7,7,0,49.2755,60.0,10.7245,0,0,1,0.5322018000297248,4,30,11
002,1,1,20260611,174754,12,1,0,55.9074,-0.2728,60.0,4.0926,0,-1,-1,-1,7,7,0,59.979,60.0,0.021,0,-1,-1,-1.0,4,30,12
002,1,1,20260611,174803,13,1,0,63.3733,0.2249,60.0,3.3733,1,-1,-1,-1,7,7,0,55.9074,60.0,4.0926,0,-1,-1,-1.0,4,30,13
002,1,1,20260611,174827,14,1,0,61.2893,0.086,60.0,1.2893,1,-1,-1,-1,7,7,0,63.3733,60.0,3.3733,1,-1,-1,-1.0,4,30,14
002,1,1,20260611,174836,15,1,0,74.6033,0.9736,60.0,14.6033,1,-1,-1,-1,7,7,0,61.2893,60.0,1.2893,1,-1,-1,-1.0,4,30,15
002,1,1,20260611,174845,16,1,0,69.6076,0.6405,60.0,9.6076,1,-1,-1,-1,7,7,0,74.6033,60.0,14.6033,1,-1,-1,-1.0,4,30,16
002,1,1,20260611,174901,17,1,0,51.623,-0.5585,60.0,8.377,0,0,1,0.5486895999638364,8,8,0,69.6076,60.0,9.6076,1,-1,-1,-1.0,4,30,17
002,1,1,20260611,174903,18,1,0,74.9637,0.9976,60.0,14.9637,1,1,1,0.3161555000115186,9,9,0,51.623,60.0,8.377,0,0,1,0.5486895999638364,4,30,18
002,1,1,20260611,174906,19,1,0,56.3459,-0.2436,60.0,3.6541,0,0,1,0.48222949996124953,10,10,0,74.9637,60.0,14.9637,1,1,1,0.3161555000115186,4,30,19
002,1,1,20260611,174908,20,1,0,70.6849,0.7123,60.0,10.6849,1,0,0,0.6161527000367641,10,10,0,56.3459,60.0,3.6541,0,0,1,0.4822294999612495,4,30,20
002,1,1,20260611,174911,21,1,0,52.3283,-0.5114,60.0,7.6717,0,0,1,0.6497174999676645,11,11,0,70.6849,60.0,10.6849,1,0,0,0.6161527000367641,4,30,21
002,1,1,20260611,174914,22,1,0,57.1466,-0.1902,60.0,2.8534,0,1,0,0.6001875000074506,11,11,0,52.3283,60.0,7.6717,0,0,1,0.6497174999676645,4,30,22
002,1,1,20260611,174916,23,1,0,48.2888,-0.7807,60.0,11.7112,0,1,0,0.34799149993341416,11,11,0,57.1466,60.0,2.8534,0,1,0,0.6001875000074506,4,30,23
002,1,1,20260611,174918,24,1,0,56.4652,-0.2357,60.0,3.5348,0,0,1,0.3658184999367222,12,12,0,48.2888,60.0,11.7112,0,1,0,0.3479914999334141,4,30,24
002,1,1,20260611,174920,25,1,0,47.63,-0.8247,60.0,12.37,0,0,1,0.5319961999775842,13,13,0,56.4652,60.0,3.5348,0,0,1,0.3658184999367222,4,30,25
002,1,1,20260611,174923,26,1,0,61.854,0.1236,60.0,1.854,1,0,0,0.4499046999262646,13,13,0,47.63,60.0,12.37,0,0,1,0.5319961999775842,4,30,26
002,1,1,20260611,174925,27,1,0,61.9468,0.1298,60.0,1.9468,1,1,1,0.3492923000594601,14,14,0,61.854,60.0,1.854,1,0,0,0.4499046999262646,4,30,27
002,1,1,20260611,174927,28,1,0,71.638,0.7759,60.0,11.638,1,0,0,0.33169549994636327,14,14,0,61.9468,60.0,1.9468,1,1,1,0.3492923000594601,4,30,28
002,1,1,20260611,174929,29,1,0,53.6311,-0.4246,60.0,6.3689,0,1,0,0.48345890000928193,14,14,0,71.638,60.0,11.638,1,0,0,0.3316954999463632,4,30,29
002,1,1,20260611,174931,30,1,0,69.9975,0.6665,60.0,9.9975,1,0,0,0.3999506999971345,14,14,0,53.6311,60.0,6.3689,0,1,0,0.4834589000092819,4,30,30
002,1,1,20260611,174934,1,2,2,63.9692,0.2646,60.0,3.9692,1,0,0,0.6665099000092596,0,14,0,69.9975,60.0,9.9975,1,0,0,0.3999506999971345,4,214,31
002,1,1,20260611,174937,2,2,2,73.2083,0.8806,60.0,13.2083,1,1,1,0.7156729999696836,1,15,2,63.9692,60.0,3.9692,1,0,0,0.6665099000092596,4,214,32
002,1,1,20260611,174939,3,2,2,49.2247,-0.7184,60.0,10.7753,0,1,0,0.26721289998386055,1,15,2,73.2083,60.0,13.2083,1,1,1,0.7156729999696836,4,214,33
002,1,1,20260611,174941,4,2,2,63.5216,0.2348,60.0,3.5216,1,1,1,0.399361600051634,2,16,2,49.2247,60.0,10.7753,0,1,0,0.2672128999838605,4,214,34
002,1,1,20260611,174943,5,2,2,66.1316,0.4088,60.0,6.1316,1,0,0,0.315648699994199,2,16,2,63.5216,60.0,3.5216,1,1,1,0.399361600051634,4,214,35
002,1,1,20260611,174945,6,2,2,60.0305,0.002,60.0,0.0305,1,0,0,0.26507950003724545,2,16,2,66.1316,60.0,6.1316,1,0,0,0.315648699994199,4,214,36
002,1,1,20260611,174947,7,2,2,66.4115,0.4274,60.0,6.4115,1,1,1,0.28331560001242906,3,17,2,60.0305,60.0,0.0305,1,0,0,0.2650795000372454,4,214,37
002,1,1,20260611,174949,8,2,2,58.6897,-0.0874,60.0,1.3103,0,1,0,0.39961430011317134,3,17,2,66.4115,60.0,6.4115,1,1,1,0.283315600012429,4,214,38
002,1,1,20260611,174951,9,2,2,62.2988,0.1533,60.0,2.2988,1,1,1,0.2992613000096753,4,18,2,58.6897,60.0,1.3103,0,1,0,0.3996143001131713,4,214,39
002,1,1,20260611,174953,10,2,2,47.7095,-0.8194,60.0,12.2905,0,1,0,0.43312150007113814,4,18,2,62.2988,60.0,2.2988,1,1,1,0.2992613000096753,4,214,40
002,1,1,20260611,174955,11,2,2,67.6361,0.5091,60.0,7.6361,1,0,0,0.3824673000490293,4,18,2,47.7095,60.0,12.2905,0,1,0,0.4331215000711381,4,214,41
002,1,1,20260611,174957,12,2,2,62.2203,0.148,60.0,2.2203,1,0,0,0.29891699994914234,4,18,2,67.6361,60.0,7.6361,1,0,0,0.3824673000490293,4,214,42
002,1,1,20260611,174959,13,2,2,67.1637,0.4776,60.0,7.1637,1,1,1,0.3011228999821469,5,19,2,62.2203,60.0,2.2203,1,0,0,0.2989169999491423,4,214,43
002,1,1,20260611,175001,14,2,2,58.5218,-0.0985,60.0,1.4782,0,0,1,0.3836838999995962,6,20,2,67.1637,60.0,7.1637,1,1,1,0.3011228999821469,4,214,44
002,1,1,20260611,175003,15,2,2,49.4601,-0.7027,60.0,10.5399,0,1,0,0.3493961999192834,6,20,2,58.5218,60.0,1.4782,0,0,1,0.3836838999995962,4,214,45
002,1,1,20260611,175005,16,2,2,50.428,-0.6381,60.0,9.572,0,0,1,0.28269379993434995,7,21,2,49.4601,60.0,10.5399,0,1,0,0.3493961999192834,4,214,46
002,1,1,20260611,175007,17,2,2,54.8514,-0.3432,60.0,5.1486,0,1,0,0.26466990006156266,7,21,2,50.428,60.0,9.572,0,0,1,0.2826937999343499,4,214,47
002,1,1,20260611,175009,18,2,2,50.7837,-0.6144,60.0,9.2163,0,0,1,0.39720839995425195,8,22,2,54.8514,60.0,5.1486,0,1,0,0.2646699000615626,4,214,48
002,1,1,20260611,175011,19,2,2,45.3836,-0.9744,60.0,14.6164,0,1,0,0.5326586998999119,8,22,2,50.7837,60.0,9.2163,0,0,1,0.3972083999542519,4,214,49
002,1,1,20260611,175013,20,2,2,45.2365,-0.9842,60.0,14.7635,0,1,0,0.5336944999871776,8,22,2,45.3836,60.0,14.6164,0,1,0,0.5326586998999119,4,214,50
002,1,1,20260611,175015,21,2,2,64.5571,0.3038,60.0,4.5571,1,0,0,0.46580300002824515,8,22,2,45.2365,60.0,14.7635,0,1,0,0.5336944999871776,4,214,51
002,1,1,20260611,175017,22,2,2,57.341,-0.1773,60.0,2.659,0,1,0,0.4673097999766469,8,22,2,64.5571,60.0,4.5571,1,0,0,0.4658030000282451,4,214,52
002,1,1,20260611,175019,23,2,2,49.4738,-0.7017,60.0,10.5262,0,1,0,0.33243820001371205,8,22,2,57.341,60.0,2.659,0,1,0,0.4673097999766469,4,214,53
002,1,1,20260611,175021,24,2,2,66.1351,0.409,60.0,6.1351,1,1,1,0.5493763999547809,9,23,2,49.4738,60.0,10.5262,0,1,0,0.332438200013712,4,214,54
002,1,1,20260611,175023,25,2,2,52.3183,-0.5121,60.0,7.6817,0,0,1,0.29978980007581413,10,24,2,66.1351,60.0,6.1351,1,1,1,0.5493763999547809,4,214,55
002,1,1,20260611,175026,26,2,2,50.7001,-0.62,60.0,9.2999,0,0,1,0.6329744999529794,11,25,2,52.3183,60.0,7.6817,0,0,1,0.2997898000758141,4,214,56
002,1,1,20260611,175028,27,2,2,54.0269,-0.3982,60.0,5.9731,0,1,0,0.2487551000667736,11,25,2,50.7001,60.0,9.2999,0,0,1,0.6329744999529794,4,214,57
002,1,1,20260611,175030,28,2,2,56.5415,-0.2306,60.0,3.4585,0,0,1,0.31468650000169873,12,26,2,54.0269,60.0,5.9731,0,1,0,0.2487551000667736,4,214,58
002,1,1,20260611,175031,29,2,2,58.4058,-0.1063,60.0,1.5942,0,1,0,0.2991130000445992,12,26,2,56.5415,60.0,3.4585,0,0,1,0.3146865000016987,4,214,59
002,1,1,20260611,175033,30,2,2,71.8339,0.7889,60.0,11.8339,1,0,0,0.2661336000310257,12,26,2,58.4058,60.0,1.5942,0,1,0,0.2991130000445992,4,214,60
002,1,1,20260611,175035,31,2,2,49.9622,-0.6692,60.0,10.0378,0,1,0,0.26644309994298965,12,26,2,71.8339,60.0,11.8339,1,0,0,0.2661336000310257,4,214,61
002,1,1,20260611,175037,32,2,2,58.8371,-0.0775,60.0,1.1629,0,0,1,0.5328960000770167,13,27,2,49.9622,60.0,10.0378,0,1,0,0.2664430999429896,4,214,62
002,1,1,20260611,175039,33,2,2,53.3189,-0.4454,60.0,6.6811,0,0,1,0.6833136000204831,14,28,2,58.8371,60.0,1.1629,0,0,1,0.5328960000770167,4,214,63
002,1,1,20260611,175041,34,2,2,64.905,0.327,60.0,4.905,1,1,1,0.6159605999710038,15,29,2,53.3189,60.0,6.6811,0,0,1,0.6833136000204831,4,214,64
002,1,1,20260611,175043,35,2,2,50.1931,-0.6538,60.0,9.8069,0,0,1,0.36446249997243285,16,30,2,64.905,60.0,4.905,1,1,1,0.6159605999710038,4,214,65
002,1,1,20260611,175046,36,2,2,45.5649,-0.9623,60.0,14.4351,0,1,0,0.3827820000005886,16,30,2,50.1931,60.0,9.8069,0,0,1,0.3644624999724328,4,214,66
002,1,1,20260611,175048,37,2,2,63.3919,0.2261,60.0,3.3919,1,0,0,0.44986089994199574,16,30,2,45.5649,60.0,14.4351,0,1,0,0.3827820000005886,4,214,67
002,1,1,20260611,175050,38,2,2,51.3768,-0.5749,60.0,8.6232,0,0,1,0.5830128999659792,17,31,2,63.3919,60.0,3.3919,1,0,0,0.4498608999419957,4,214,68
002,1,1,20260611,175052,39,2,2,58.726,-0.0849,60.0,1.274,0,1,0,0.33116320008412004,17,31,2,51.3768,60.0,8.6232,0,0,1,0.5830128999659792,4,214,69
002,1,1,20260611,175054,40,2,2,49.0585,-0.7294,60.0,10.9415,0,1,0,0.3974090999690816,17,31,2,58.726,60.0,1.274,0,1,0,0.33116320008412,4,214,70
002,1,1,20260611,175056,41,2,2,60.984,0.0656,60.0,0.984,1,1,1,0.26670489995740354,18,32,2,49.0585,60.0,10.9415,0,1,0,0.3974090999690816,4,214,71
002,1,1,20260611,175058,42,2,2,45.4404,-0.9706,60.0,14.5596,0,0,1,0.3810578000266105,19,33,2,60.984,60.0,0.984,1,1,1,0.2667048999574035,4,214,72
002,1,1,20260611,175100,43,2,2,56.8936,-0.2071,60.0,3.1064,0,1,0,0.44812389998696744,19,33,2,45.4404,60.0,14.5596,0,0,1,0.3810578000266105,4,214,73
002,1,1,20260611,175102,44,2,2,68.2308,0.5487,60.0,8.2308,1,0,0,0.2682789999525994,19,33,2,56.8936,60.0,3.1064,0,1,0,0.4481238999869674,4,214,74
002,1,1,20260611,175104,45,2,2,49.3859,-0.7076,60.0,10.6141,0,0,1,0.3149330000160262,20,34,2,68.2308,60.0,8.2308,1,0,0,0.2682789999525994,4,214,75
002,1,1,20260611,175106,46,2,2,61.2593,0.084,60.0,1.2593,1,1,1,0.300332700018771,21,35,2,49.3859,60.0,10.6141,0,0,1,0.3149330000160262,4,214,76
002,1,1,20260611,175108,47,2,2,58.8159,-0.0789,60.0,1.1841,0,0,1,0.33194259996525943,22,36,2,61.2593,60.0,1.2593,1,1,1,0.300332700018771,4,214,77
002,1,1,20260611,175110,48,2,2,58.9379,-0.0708,60.0,1.0621,0,0,1,0.3154631999786943,23,37,2,58.8159,60.0,1.1841,0,0,1,0.3319425999652594,4,214,78
002,1,1,20260611,175111,49,2,2,60.561,0.0374,60.0,0.561,1,1,1,0.3170601000310853,24,38,2,58.9379,60.0,1.0621,0,0,1,0.3154631999786943,4,214,79
002,1,1,20260611,175113,50,2,2,45.4317,-0.9712,60.0,14.5683,0,1,0,0.2508944000583142,24,38,2,60.561,60.0,0.561,1,1,1,0.3170601000310853,4,214,80
002,1,1,20260611,175115,51,2,2,52.2854,-0.5143,60.0,7.7146,0,0,1,0.3163199999835342,25,39,2,45.4317,60.0,14.5683,0,1,0,0.2508944000583142,4,214,81
002,1,1,20260611,175117,52,2,2,65.638,0.3759,60.0,5.638,1,0,0,0.365953000029549,25,39,2,52.2854,60.0,7.7146,0,0,1,0.3163199999835342,4,214,82
002,1,1,20260611,175119,53,2,2,54.3867,-0.3742,60.0,5.6133,0,1,0,0.298412200063467,25,39,2,65.638,60.0,5.638,1,0,0,0.365953000029549,4,214,83
002,1,1,20260611,175121,54,2,2,66.1057,0.407,60.0,6.1057,1,0,0,0.265356499934569,25,39,2,54.3867,60.0,5.6133,0,1,0,0.298412200063467,4,214,84
002,1,1,20260611,175123,55,2,2,45.2397,-0.984,60.0,14.7603,0,0,1,0.6483931000111625,26,40,2,66.1057,60.0,6.1057,1,0,0,0.265356499934569,4,214,85
002,1,1,20260611,175125,56,2,2,65.4669,0.3645,60.0,5.4669,1,0,0,0.2491216000635177,26,40,2,45.2397,60.0,14.7603,0,0,1,0.6483931000111625,4,214,86
002,1,1,20260611,175127,57,2,2,66.2127,0.4142,60.0,6.2127,1,0,0,0.2983325000386685,26,40,2,65.4669,60.0,5.4669,1,0,0,0.2491216000635177,4,214,87
002,1,1,20260611,175129,58,2,2,66.2801,0.4187,60.0,6.2801,1,0,0,0.2504179000388831,26,40,2,66.2127,60.0,6.2127,1,0,0,0.2983325000386685,4,214,88
002,1,1,20260611,175131,59,2,2,65.3109,0.3541,60.0,5.3109,1,1,1,0.2813034999417141,27,41,2,66.2801,60.0,6.2801,1,0,0,0.2504179000388831,4,214,89
002,1,1,20260611,175132,60,2,2,63.5745,0.2383,60.0,3.5745,1,0,0,0.21533949999138713,27,41,2,65.3109,60.0,5.3109,1,1,1,0.2813034999417141,4,214,90
002,1,1,20260611,175134,61,2,2,60.1629,0.0109,60.0,0.1629,1,1,1,0.26546310004778206,28,42,2,63.5745,60.0,3.5745,1,0,0,0.2153394999913871,4,214,91
002,1,1,20260611,175136,62,2,2,59.9174,-0.0055,60.0,0.0826,0,1,0,0.31518310005776584,28,42,2,60.1629,60.0,0.1629,1,1,1,0.265463100047782,4,214,92
002,1,1,20260611,175138,63,2,2,70.413,0.6942,60.0,10.413,1,0,0,0.23010450007859617,28,42,2,59.9174,60.0,0.0826,0,1,0,0.3151831000577658,4,214,93
002,1,1,20260611,175140,64,2,2,45.4815,-0.9679,60.0,14.5185,0,1,0,0.08169080002699047,28,42,2,70.413,60.0,10.413,1,0,0,0.2301045000785961,4,214,94
002,1,1,20260611,175142,65,2,2,58.3525,-0.1098,60.0,1.6475,0,1,0,0.23325590009335428,28,42,2,45.4815,60.0,14.5185,0,1,0,0.0816908000269904,4,214,95
002,1,1,20260611,175144,66,2,2,61.9015,0.1268,60.0,1.9015,1,0,0,0.33183209993876517,28,42,2,58.3525,60.0,1.6475,0,1,0,0.2332559000933542,4,214,96
002,1,1,20260611,175146,67,2,2,58.8336,-0.0778,60.0,1.1664,0,1,0,0.2987185000674799,28,42,2,61.9015,60.0,1.9015,1,0,0,0.3318320999387651,4,214,97
002,1,1,20260611,175148,68,2,2,58.2331,-0.1178,60.0,1.7669,0,1,0,0.34992970002349466,28,42,2,58.8336,60.0,1.1664,0,1,0,0.2987185000674799,4,214,98
002,1,1,20260611,175150,69,2,2,58.7824,-0.0812,60.0,1.2176,0,1,0,0.3486176000442356,28,42,2,58.2331,60.0,1.7669,0,1,0,0.3499297000234946,4,214,99
002,1,1,20260611,175152,70,2,2,61.3587,0.0906,60.0,1.3587,1,0,0,0.3145079000387341,28,42,2,58.7824,60.0,1.2176,0,1,0,0.3486176000442356,4,214,100
002,1,1,20260611,175154,71,2,2,57.3684,-0.1754,60.0,2.6316,0,0,1,0.3497384999645874,29,43,2,61.3587,60.0,1.3587,1,0,0,0.3145079000387341,4,214,101
002,1,1,20260611,175156,72,2,2,51.3197,-0.5787,60.0,8.6803,0,0,1,0.26620750001166016,30,44,2,57.3684,60.0,2.6316,0,0,1,0.3497384999645874,4,214,102
002,1,1,20260611,175158,73,2,2,51.455,-0.5697,60.0,8.545,0,0,1,0.23148250009398907,31,45,2,51.3197,60.0,8.6803,0,0,1,0.2662075000116601,4,214,103
002,1,1,20260611,175200,74,2,2,54.5374,-0.3642,60.0,5.4626,0,0,1,0.4319207000080496,32,46,2,51.455,60.0,8.545,0,0,1,0.231482500093989,4,214,104
002,1,1,20260611,175202,75,2,2,60.4554,0.0304,60.0,0.4554,1,0,0,0.8312014000257477,32,46,2,54.5374,60.0,5.4626,0,0,1,0.4319207000080496,4,214,105
002,1,1,20260611,175205,76,2,2,56.9422,-0.2039,60.0,3.0578,0,1,0,0.2504531000740826,32,46,2,60.4554,60.0,0.4554,1,0,0,0.8312014000257477,4,214,106
002,1,1,20260611,175209,77,2,2,53.7382,-0.4175,60.0,6.2618,0,0,1,0.3324757000664249,33,47,2,56.9422,60.0,3.0578,0,1,0,0.2504531000740826,4,214,107
002,1,1,20260611,175213,78,2,2,68.3279,0.5552,60.0,8.3279,1,0,0,0.9810238999780267,33,47,2,53.7382,60.0,6.2618,0,0,1,0.3324757000664249,4,214,108
002,1,1,20260611,175218,79,2,2,60.5063,0.0338,60.0,0.5063,1,1,1,0.4466956000542268,34,48,2,68.3279,60.0,8.3279,1,0,0,0.9810238999780267,4,214,109
002,1,1,20260611,175223,80,2,2,51.952,-0.5365,60.0,8.048,0,0,1,0.33128519996535033,35,49,2,60.5063,60.0,0.5063,1,1,1,0.4466956000542268,4,214,110
002,1,1,20260611,175225,81,2,2,69.3921,0.6261,60.0,9.3921,1,0,0,0.39896450005471706,35,49,2,51.952,60.0,8.048,0,0,1,0.3312851999653503,4,214,111
002,1,1,20260611,175226,82,2,2,51.3993,-0.5734,60.0,8.6007,0,0,1,0.41506090003531426,36,50,2,69.3921,60.0,9.3921,1,0,0,0.398964500054717,4,214,112
002,1,1,20260611,175228,83,2,2,52.528,-0.4981,60.0,7.472,0,0,1,0.3163784999633208,37,51,2,51.3993,60.0,8.6007,0,0,1,0.4150609000353142,4,214,113
002,1,1,20260611,175230,84,2,2,49.3217,-0.7119,60.0,10.6783,0,0,1,0.31439710000995547,38,52,2,52.528,60.0,7.472,0,0,1,0.3163784999633208,4,214,114
002,1,1,20260611,175232,85,2,2,69.2961,0.6197,60.0,9.2961,1,0,0,0.33230649994220585,38,52,2,49.3217,60.0,10.6783,0,0,1,0.3143971000099554,4,214,115
002,1,1,20260611,175234,86,2,2,69.1425,0.6095,60.0,9.1425,1,0,0,1.2671729000285268,38,52,2,69.2961,60.0,9.2961,1,0,0,0.3323064999422058,4,214,116
002,1,1,20260611,175238,87,2,2,49.5054,-0.6996,60.0,10.4946,0,1,0,2.3672386000398546,38,52,2,69.1425,60.0,9.1425,1,0,0,1.2671729000285268,4,214,117
002,1,1,20260611,175247,88,2,2,55.3074,-0.3128,60.0,4.6926,0,1,0,0.43526309996377677,38,52,2,49.5054,60.0,10.4946,0,1,0,2.367238600039854,4,214,118
002,1,1,20260611,175249,89,2,2,60.0447,0.003,60.0,0.0447,1,1,1,0.26760940009262413,39,53,2,55.3074,60.0,4.6926,0,1,0,0.4352630999637767,4,214,119
002,1,1,20260611,175251,90,2,2,52.3755,-0.5083,60.0,7.6245,0,0,1,0.265551200020127,40,54,2,60.0447,60.0,0.0447,1,1,1,0.2676094000926241,4,214,120
002,1,1,20260611,175253,91,2,2,52.0505,-0.53,60.0,7.9495,0,0,1,0.23261889989953488,41,55,2,52.3755,60.0,7.6245,0,0,1,0.265551200020127,4,214,121
002,1,1,20260611,175255,92,2,2,51.6468,-0.5569,60.0,8.3532,0,0,1,0.26590620004571974,42,56,2,52.0505,60.0,7.9495,0,0,1,0.2326188998995348,4,214,122
002,1,1,20260611,175257,93,2,2,53.6272,-0.4249,60.0,6.3728,0,1,0,0.31668639997951686,42,56,2,51.6468,60.0,8.3532,0,0,1,0.2659062000457197,4,214,123
002,1,1,20260611,175259,94,2,2,66.1944,0.413,60.0,6.1944,1,0,0,0.3330570000689477,42,56,2,53.6272,60.0,6.3728,0,1,0,0.3166863999795168,4,214,124
002,1,1,20260611,175301,95,2,2,58.6668,-0.0889,60.0,1.3332,0,1,0,0.24968230002559721,42,56,2,66.1944,60.0,6.1944,1,0,0,0.3330570000689477,4,214,125
002,1,1,20260611,175303,96,2,2,60.4287,0.0286,60.0,0.4287,1,1,1,0.3318180999485776,43,57,2,58.6668,60.0,1.3332,0,1,0,0.2496823000255972,4,214,126
002,1,1,20260611,175305,97,2,2,47.4231,-0.8385,60.0,12.5769,0,1,0,0.24771440005861223,43,57,2,60.4287,60.0,0.4287,1,1,1,0.3318180999485776,4,214,127
002,1,1,20260611,175307,98,2,2,64.93,0.3287,60.0,4.93,1,1,1,0.38431009999476373,44,58,2,47.4231,60.0,12.5769,0,1,0,0.2477144000586122,4,214,128
002,1,1,20260611,175308,99,2,2,62.9272,0.1951,60.0,2.9272,1,0,0,0.26709900004789233,44,58,2,64.93,60.0,4.93,1,1,1,0.3843100999947637,4,214,129
002,1,1,20260611,175310,100,2,2,57.6569,-0.1562,60.0,2.3431,0,0,1,0.24886789999436587,45,59,2,62.9272,60.0,2.9272,1,0,0,0.2670990000478923,4,214,130
002,1,1,20260611,175312,101,2,2,60.0102,0.0007,60.0,0.0102,1,1,1,0.31528640002943575,46,60,2,57.6569,60.0,2.3431,0,0,1,0.2488678999943658,4,214,131
002,1,1,20260611,175314,102,2,2,45.144,-0.9904,60.0,14.856,0,0,1,0.3143156000878662,47,61,2,60.0102,60.0,0.0102,1,1,1,0.3152864000294357,4,214,132
002,1,1,20260611,175316,103,2,2,58.0416,-0.1306,60.0,1.9584,0,0,1,0.3151991000631824,48,62,2,45.144,60.0,14.856,0,0,1,0.3143156000878662,4,214,133
002,1,1,20260611,175318,104,2,2,50.6553,-0.623,60.0,9.3447,0,0,1,0.23216129990760237,49,63,2,58.0416,60.0,1.9584,0,0,1,0.3151991000631824,4,214,134
002,1,1,20260611,175320,105,2,2,60.9915,0.0661,60.0,0.9915,1,1,1,0.2336669999640435,50,64,2,50.6553,60.0,9.3447,0,0,1,0.2321612999076023,4,214,135
002,1,1,20260611,175322,106,2,2,65.9991,0.3999,60.0,5.9991,1,1,1,0.2988057999173179,51,65,2,60.9915,60.0,0.9915,1,1,1,0.2336669999640435,4,214,136
002,1,1,20260611,175324,107,2,2,62.8974,0.1932,60.0,2.8974,1,1,1,0.28288630000315607,52,66,2,65.9991,60.0,5.9991,1,1,1,0.2988057999173179,4,214,137
002,1,1,20260611,175325,108,2,2,50.7811,-0.6146,60.0,9.2189,0,1,0,0.33195479994174093,52,66,2,62.8974,60.0,2.8974,1,1,1,0.282886300003156,4,214,138
002,1,1,20260611,175327,109,2,2,47.6483,-0.8234,60.0,12.3517,0,1,0,0.35080050001852214,52,66,2,50.7811,60.0,9.2189,0,1,0,0.3319547999417409,4,214,139
002,1,1,20260611,175329,110,2,2,54.8594,-0.3427,60.0,5.1406,0,1,0,0.36733579996507615,52,66,2,47.6483,60.0,12.3517,0,1,0,0.3508005000185221,4,214,140
002,1,1,20260611,175331,111,2,2,64.1456,0.2764,60.0,4.1456,1,1,1,0.26244199997745454,53,67,2,54.8594,60.0,5.1406,0,1,0,0.3673357999650761,4,214,141
002,1,1,20260611,175333,112,2,2,73.8029,0.9202,60.0,13.8029,1,0,0,0.21547220007050782,53,67,2,64.1456,60.0,4.1456,1,1,1,0.2624419999774545,4,214,142
002,1,1,20260611,175335,113,2,2,65.0892,0.3393,60.0,5.0892,1,1,1,0.3500460999784991,54,68,2,73.8029,60.0,13.8029,1,0,0,0.2154722000705078,4,214,143
002,1,1,20260611,175337,114,2,2,52.6373,-0.4908,60.0,7.3627,0,0,1,0.34891329996753484,55,69,2,65.0892,60.0,5.0892,1,1,1,0.3500460999784991,4,214,144
002,1,1,20260611,175339,115,2,2,56.8449,-0.2103,60.0,3.1551,0,0,1,0.29877880006097257,56,70,2,52.6373,60.0,7.3627,0,0,1,0.3489132999675348,4,214,145
002,1,1,20260611,175341,116,2,2,65.3772,0.3585,60.0,5.3772,1,0,0,0.46529039996676147,56,70,2,56.8449,60.0,3.1551,0,0,1,0.2987788000609725,4,214,146
002,1,1,20260611,175343,117,2,2,48.8853,-0.741,60.0,11.1147,0,0,1,0.3664904999313876,57,71,2,65.3772,60.0,5.3772,1,0,0,0.4652903999667614,4,214,147
002,1,1,20260611,175345,118,2,2,60.4383,0.0292,60.0,0.4383,1,1,1,0.3147984000388533,58,72,2,48.8853,60.0,11.1147,0,0,1,0.3664904999313876,4,214,148
002,1,1,20260611,175347,119,2,2,49.2367,-0.7176,60.0,10.7633,0,1,0,0.3323188000358641,58,72,2,60.4383,60.0,0.4383,1,1,1,0.3147984000388533,4,214,149
002,1,1,20260611,175349,120,2,2,52.593,-0.4938,60.0,7.407,0,1,0,0.44964420003816485,58,72,2,49.2367,60.0,10.7633,0,1,0,0.3323188000358641,4,214,150
002,1,1,20260611,175351,121,2,2,61.4909,0.0994,60.0,1.4909,1,1,1,0.33121699991170317,59,73,2,52.593,60.0,7.407,0,1,0,0.4496442000381648,4,214,151
002,1,1,20260611,175353,122,2,2,49.7219,-0.6852,60.0,10.2781,0,1,0,0.3332428000867367,59,73,2,61.4909,60.0,1.4909,1,1,1,0.3312169999117031,4,214,152
002,1,1,20260611,175355,123,2,2,67.9156,0.5277,60.0,7.9156,1,1,1,0.33373750001192093,60,74,2,49.7219,60.0,10.2781,0,1,0,0.3332428000867367,4,214,153
002,1,1,20260611,175357,124,2,2,47.5554,-0.8296,60.0,12.4446,0,0,1,0.25053550000302494,61,75,2,67.9156,60.0,7.9156,1,1,1,0.3337375000119209,4,214,154
002,1,1,20260611,175359,125,2,2,52.7773,-0.4815,60.0,7.2227,0,1,0,0.2670497000217438,61,75,2,47.5554,60.0,12.4446,0,0,1,0.2505355000030249,4,214,155
002,1,1,20260611,175401,126,2,2,68.4295,0.562,60.0,8.4295,1,1,1,0.2821532000089064,62,76,2,52.7773,60.0,7.2227,0,1,0,0.2670497000217438,4,214,156
002,1,1,20260611,175403,127,2,2,59.8973,-0.0068,60.0,0.1027,0,1,0,0.36576220009010285,62,76,2,68.4295,60.0,8.4295,1,1,1,0.2821532000089064,4,214,157
002,1,1,20260611,175405,128,2,2,62.9271,0.1951,60.0,2.9271,1,1,1,0.33187780005391687,63,77,2,59.8973,60.0,0.1027,0,1,0,0.3657622000901028,4,214,158
002,1,1,20260611,175407,129,2,2,61.9549,0.1303,60.0,1.9549,1,1,1,0.3497858999762684,64,78,2,62.9271,60.0,2.9271,1,1,1,0.3318778000539168,4,214,159
002,1,1,20260611,175409,130,2,2,52.91,-0.4727,60.0,7.09,0,0,1,0.34855760005302727,65,79,2,61.9549,60.0,1.9549,1,1,1,0.3497858999762684,4,214,160
002,1,1,20260611,175411,131,2,2,55.0323,-0.3312,60.0,4.9677,0,0,1,0.30054359999485314,66,80,2,52.91,60.0,7.09,0,0,1,0.3485576000530272,4,214,161
002,1,1,20260611,175413,132,2,2,55.284,-0.3144,60.0,4.716,0,1,0,0.36556359997484833,66,80,2,55.0323,60.0,4.9677,0,0,1,0.3005435999948531,4,214,162
002,1,1,20260611,175415,133,2,2,72.5276,0.8352,60.0,12.5276,1,0,0,0.28332169994246215,66,80,2,55.284,60.0,4.716,0,1,0,0.3655635999748483,4,214,163
002,1,1,20260611,175417,134,2,2,59.4155,-0.039,60.0,0.5845,0,0,1,0.3017678000032902,67,81,2,72.5276,60.0,12.5276,1,0,0,0.2833216999424621,4,214,164
002,1,1,20260611,175419,135,2,2,61.4134,0.0942,60.0,1.4134,1,1,1,0.36602429999038577,68,82,2,59.4155,60.0,0.5845,0,0,1,0.3017678000032902,4,214,165
002,1,1,20260611,175421,136,2,2,55.0508,-0.3299,60.0,4.9492,0,1,0,0.25051319994963706,68,82,2,61.4134,60.0,1.4134,1,1,1,0.3660242999903857,4,214,166
002,1,1,20260611,175423,137,2,2,55.9609,-0.2693,60.0,4.0391,0,0,1,0.30011049995664507,69,83,2,55.0508,60.0,4.9492,0,1,0,0.250513199949637,4,214,167
002,1,1,20260611,175425,138,2,2,61.5043,0.1003,60.0,1.5043,1,0,0,0.3353378000902012,69,83,2,55.9609,60.0,4.0391,0,0,1,0.300110499956645,4,214,168
002,1,1,20260611,175427,139,2,2,64.6909,0.3127,60.0,4.6909,1,1,1,0.3985599000006914,70,84,2,61.5043,60.0,1.5043,1,0,0,0.3353378000902012,4,214,169
002,1,1,20260611,175429,140,2,2,49.4258,-0.7049,60.0,10.5742,0,1,0,0.367097600013949,70,84,2,64.6909,60.0,4.6909,1,1,1,0.3985599000006914,4,214,170
002,1,1,20260611,175431,141,2,2,65.0287,0.3352,60.0,5.0287,1,1,1,0.39971090003382415,71,85,2,49.4258,60.0,10.5742,0,1,0,0.367097600013949,4,214,171
002,1,1,20260611,175433,142,2,2,62.0108,0.1341,60.0,2.0108,1,1,1,0.39956169994547963,72,86,2,65.0287,60.0,5.0287,1,1,1,0.3997109000338241,4,214,172
002,1,1,20260611,175435,143,2,2,49.2184,-0.7188,60.0,10.7816,0,0,1,0.5150949000380933,73,87,2,62.0108,60.0,2.0108,1,1,1,0.3995616999454796,4,214,173
002,1,1,20260611,175437,144,2,2,54.5671,-0.3622,60.0,5.4329,0,0,1,0.446723899920471,74,88,2,49.2184,60.0,10.7816,0,0,1,0.5150949000380933,4,214,174
002,1,1,20260611,175440,145,2,2,60.7725,0.0515,60.0,0.7725,1,0,0,0.4634635999100283,74,88,2,54.5671,60.0,5.4329,0,0,1,0.446723899920471,4,214,175
002,1,1,20260611,175442,146,2,2,49.1904,-0.7206,60.0,10.8096,0,1,0,0.3321326000150293,74,88,2,60.7725,60.0,0.7725,1,0,0,0.4634635999100283,4,214,176
002,1,1,20260611,175444,147,2,2,50.8459,-0.6103,60.0,9.1541,0,0,1,0.48259159992448986,75,89,2,49.1904,60.0,10.8096,0,1,0,0.3321326000150293,4,214,177
002,1,1,20260611,175447,148,2,2,69.694,0.6463,60.0,9.694,1,1,1,0.2824832999613136,76,90,2,50.8459,60.0,9.1541,0,0,1,0.4825915999244898,4,214,178
002,1,1,20260611,175448,149,2,2,63.4593,0.2306,60.0,3.4593,1,1,1,0.3652806000318378,77,91,2,69.694,60.0,9.694,1,1,1,0.2824832999613136,4,214,179
002,1,1,20260611,175450,150,2,2,70.7729,0.7182,60.0,10.7729,1,1,1,0.366630099946633,78,92,2,63.4593,60.0,3.4593,1,1,1,0.3652806000318378,4,214,180
002,1,1,20260611,175452,151,2,2,66.4261,0.4284,60.0,6.4261,1,0,0,0.31631279992870986,78,92,2,70.7729,60.0,10.7729,1,1,1,0.366630099946633,4,214,181
002,1,1,20260611,175454,152,2,2,61.5522,0.1035,60.0,1.5522,1,1,1,0.282062100013718,79,93,2,66.4261,60.0,6.4261,1,0,0,0.3163127999287098,4,214,182
002,1,1,20260611,175456,153,2,2,55.646,-0.2903,60.0,4.354,0,1,0,0.3640713000204414,79,93,2,61.5522,60.0,1.5522,1,1,1,0.282062100013718,4,214,183
002,1,1,20260611,175458,154,2,2,66.5696,0.438,60.0,6.5696,1,0,0,0.2653554000426084,79,93,2,55.646,60.0,4.354,0,1,0,0.3640713000204414,4,214,184
002,1,1,20260611,175500,155,2,2,63.4153,0.2277,60.0,3.4153,1,0,0,0.33060770004522055,79,93,2,66.5696,60.0,6.5696,1,0,0,0.2653554000426084,4,214,185
002,1,1,20260611,175502,156,2,2,66.1481,0.4099,60.0,6.1481,1,1,1,0.38180249999277294,80,94,2,63.4153,60.0,3.4153,1,0,0,0.3306077000452205,4,214,186
002,1,1,20260611,175504,157,2,2,45.3357,-0.9776,60.0,14.6643,0,1,0,0.4301749999867752,80,94,2,66.1481,60.0,6.1481,1,1,1,0.3818024999927729,4,214,187
002,1,1,20260611,175506,158,2,2,54.0438,-0.3971,60.0,5.9562,0,1,0,0.48434890003409237,80,94,2,45.3357,60.0,14.6643,0,1,0,0.4301749999867752,4,214,188
002,1,1,20260611,175508,159,2,2,54.0997,-0.3934,60.0,5.9003,0,0,1,0.5504827999975532,81,95,2,54.0438,60.0,5.9562,0,1,0,0.4843489000340923,4,214,189
002,1,1,20260611,175510,160,2,2,69.0751,0.605,60.0,9.0751,1,1,1,0.38255750003736466,82,96,2,54.0997,60.0,5.9003,0,0,1,0.5504827999975532,4,214,190
002,1,1,20260611,175512,161,2,2,65.0298,0.3353,60.0,5.0298,1,0,0,0.4318070000736043,82,96,2,69.0751,60.0,9.0751,1,1,1,0.3825575000373646,4,214,191
002,1,1,20260611,175514,162,2,2,53.6595,-0.4227,60.0,6.3405,0,1,0,0.3852461000205949,82,96,2,65.0298,60.0,5.0298,1,0,0,0.4318070000736043,4,214,192
002,1,1,20260611,175516,163,2,2,62.6126,0.1742,60.0,2.6126,1,0,0,0.3481527999974787,82,96,2,53.6595,60.0,6.3405,0,1,0,0.3852461000205949,4,214,193
002,1,1,20260611,175518,164,2,2,52.6846,-0.4877,60.0,7.3154,0,1,0,0.3666559000266716,82,96,2,62.6126,60.0,2.6126,1,0,0,0.3481527999974787,4,214,194
002,1,1,20260611,175520,165,2,2,64.2585,0.2839,60.0,4.2585,1,1,1,0.39819630002602935,83,97,2,52.6846,60.0,7.3154,0,1,0,0.3666559000266716,4,214,195
002,1,1,20260611,175522,166,2,2,49.6719,-0.6885,60.0,10.3281,0,1,0,0.4833913000766188,83,97,2,64.2585,60.0,4.2585,1,1,1,0.3981963000260293,4,214,196
002,1,1,20260611,175525,167,2,2,49.3348,-0.711,60.0,10.6652,0,0,1,0.33265469991602004,84,98,2,49.6719,60.0,10.3281,0,1,0,0.4833913000766188,4,214,197
002,1,1,20260611,175526,168,2,2,47.1744,-0.855,60.0,12.8256,0,1,0,0.3643345000455156,84,98,2,49.3348,60.0,10.6652,0,0,1,0.33265469991602,4,214,198
002,1,1,20260611,175528,169,2,2,72.6135,0.8409,60.0,12.6135,1,0,0,0.28184409998357296,84,98,2,47.1744,60.0,12.8256,0,1,0,0.3643345000455156,4,214,199
002,1,1,20260611,175530,170,2,2,51.4201,-0.572,60.0,8.5799,0,0,1,0.2820051000453532,85,99,2,72.6135,60.0,12.6135,1,0,0,0.2818440999835729,4,214,200
002,1,1,20260611,175532,171,2,2,47.8163,-0.8122,60.0,12.1837,0,0,1,0.25046050001401454,86,100,2,51.4201,60.0,8.5799,0,0,1,0.2820051000453532,4,214,201
002,1,1,20260611,175534,172,2,2,59.325,-0.045,60.0,0.675,0,0,1,0.4160408000461757,87,101,2,47.8163,60.0,12.1837,0,0,1,0.2504605000140145,4,214,202
002,1,1,20260611,175536,173,2,2,49.1797,-0.7214,60.0,10.8203,0,0,1,0.2316679999930784,88,102,2,59.325,60.0,0.675,0,0,1,0.4160408000461757,4,214,203
002,1,1,20260611,175538,174,2,2,53.1171,-0.4589,60.0,6.8829,0,1,0,0.4172831999603659,88,102,2,49.1797,60.0,10.8203,0,0,1,0.2316679999930784,4,214,204
002,1,1,20260611,175540,175,2,2,61.5325,0.1022,60.0,1.5325,1,0,0,0.3318590000271797,88,102,2,53.1171,60.0,6.8829,0,1,0,0.4172831999603659,4,214,205
002,1,1,20260611,175542,176,2,2,58.7087,-0.0861,60.0,1.2913,0,1,0,0.28297530009876937,88,102,2,61.5325,60.0,1.5325,1,0,0,0.3318590000271797,4,214,206
002,1,1,20260611,175544,177,2,2,49.8997,-0.6734,60.0,10.1003,0,0,1,0.2326390000525862,89,103,2,58.7087,60.0,1.2913,0,1,0,0.2829753000987693,4,214,207
002,1,1,20260611,175545,178,2,2,47.895,-0.807,60.0,12.105,0,1,0,0.215629699989222,89,103,2,49.8997,60.0,10.1003,0,0,1,0.2326390000525862,4,214,208
002,1,1,20260611,175547,179,2,2,69.101,0.6067,60.0,9.101,1,1,1,0.24783030000980943,90,104,2,47.895,60.0,12.105,0,1,0,0.215629699989222,4,214,209
002,1,1,20260611,175549,180,2,2,59.9203,-0.0053,60.0,0.0797,0,1,0,0.2296242999145761,90,104,2,69.101,60.0,9.101,1,1,1,0.2478303000098094,4,214,210
002,1,1,20260611,175551,181,2,2,67.5292,0.5019,60.0,7.5292,1,1,1,0.2838834000285715,91,105,2,59.9203,60.0,0.0797,0,1,0,0.2296242999145761,4,214,211
002,1,1,20260611,175553,182,2,2,54.36,-0.376,60.0,5.64,0,1,0,0.21604129998013377,91,105,2,67.5292,60.0,7.5292,1,1,1,0.2838834000285715,4,214,212
002,1,1,20260611,175555,183,2,2,48.3418,-0.7772,60.0,11.6582,0,1,0,0.18348569993395358,91,105,2,54.36,60.0,5.64,0,1,0,0.2160412999801337,4,214,213
002,1,1,20260611,175556,184,2,2,70.5235,0.7016,60.0,10.5235,1,0,0,0.2163977000163868,91,105,2,48.3418,60.0,11.6582,0,1,0,0.1834856999339535,4,214,214
002,1,1,20260611,175558,185,2,2,60.2336,0.0156,60.0,0.2336,1,0,0,0.24950799997895956,91,105,2,70.5235,60.0,10.5235,1,0,0,0.2163977000163868,4,214,215
002,1,1,20260611,175600,186,2,2,65.9187,0.3946,60.0,5.9187,1,1,1,0.29990920005366206,92,106,2,60.2336,60.0,0.2336,1,0,0,0.2495079999789595,4,214,216
002,1,1,20260611,175602,187,2,2,52.5106,-0.4993,60.0,7.4894,0,0,1,0.23192749998997897,93,107,2,65.9187,60.0,5.9187,1,1,1,0.299909200053662,4,214,217
002,1,1,20260611,175604,188,2,2,52.4284,-0.5048,60.0,7.5716,0,0,1,0.283444800064899,94,108,2,52.5106,60.0,7.4894,0,0,1,0.2319274999899789,4,214,218
002,1,1,20260611,175605,189,2,2,59.297,-0.0469,60.0,0.703,0,1,0,0.3677870000246912,94,108,2,52.4284,60.0,7.5716,0,0,1,0.283444800064899,4,214,219
002,1,1,20260611,175607,190,2,2,60.3334,0.0222,60.0,0.3334,1,0,0,0.315497100003995,94,108,2,59.297,60.0,0.703,0,1,0,0.3677870000246912,4,214,220
002,1,1,20260611,175609,191,2,2,52.2583,-0.5161,60.0,7.7417,0,0,1,0.248828100040555,95,109,2,60.3334,60.0,0.3334,1,0,0,0.315497100003995,4,214,221
002,1,1,20260611,175611,192,2,2,67.0258,0.4684,60.0,7.0258,1,0,0,0.34877000004053116,95,109,2,52.2583,60.0,7.7417,0,0,1,0.248828100040555,4,214,222
002,1,1,20260611,175613,193,2,2,66.8119,0.4541,60.0,6.8119,1,1,1,0.2501048999838531,96,110,2,67.0258,60.0,7.0258,1,0,0,0.3487700000405311,4,214,223
002,1,1,20260611,175615,194,2,2,50.9282,-0.6048,60.0,9.0718,0,0,1,0.5667656000005081,97,111,2,66.8119,60.0,6.8119,1,1,1,0.2501048999838531,4,214,224
002,1,1,20260611,175617,195,2,2,47.4237,-0.8384,60.0,12.5763,0,1,0,0.36487679998390377,97,111,2,50.9282,60.0,9.0718,0,0,1,0.5667656000005081,4,214,225
002,1,1,20260611,175619,196,2,2,63.4325,0.2288,60.0,3.4325,1,1,1,0.28237339993938804,98,112,2,47.4237,60.0,12.5763,0,1,0,0.3648767999839037,4,214,226
002,1,1,20260611,175622,197,2,2,48.1395,-0.7907,60.0,11.8605,0,0,1,0.449177399976179,99,113,2,63.4325,60.0,3.4325,1,1,1,0.282373399939388,4,214,227
002,1,1,20260611,175624,198,2,2,63.9139,0.2609,60.0,3.9139,1,0,0,0.28438929992262274,99,113,2,48.1395,60.0,11.8605,0,0,1,0.449177399976179,4,214,228
002,1,1,20260611,175626,199,2,2,45.0451,-0.997,60.0,14.9549,0,1,0,0.44783019996248186,99,113,2,63.9139,60.0,3.9139,1,0,0,0.2843892999226227,4,214,229
002,1,1,20260611,175628,200,2,2,66.6244,0.4416,60.0,6.6244,1,1,1,0.29873750009573996,100,114,2,45.0451,60.0,14.9549,0,1,0,0.4478301999624818,4,214,230
002,1,1,20260611,175630,201,2,2,60.7066,0.0471,60.0,0.7066,1,0,0,0.24874079995788634,100,114,2,66.6244,60.0,6.6244,1,1,1,0.2987375000957399,4,214,231
002,1,1,20260611,175632,202,2,2,46.5619,-0.8959,60.0,13.4381,0,1,0,0.2478206999367103,100,114,2,60.7066,60.0,0.7066,1,0,0,0.2487407999578863,4,214,232
002,1,1,20260611,175634,203,2,2,64.1153,0.2744,60.0,4.1153,1,0,0,0.2491691999603063,100,114,2,46.5619,60.0,13.4381,0,1,0,0.2478206999367103,4,214,233
002,1,1,20260611,175636,204,2,2,65.6671,0.3778,60.0,5.6671,1,0,0,0.2637070999480784,100,114,2,64.1153,60.0,4.1153,1,0,0,0.2491691999603063,4,214,234
002,1,1,20260611,175638,205,2,2,73.2343,0.8823,60.0,13.2343,1,0,0,0.3828012999147177,100,114,2,65.6671,60.0,5.6671,1,0,0,0.2637070999480784,4,214,235
002,1,1,20260611,175640,206,2,2,49.2255,-0.7183,60.0,10.7745,0,0,1,0.3335469000739977,101,115,2,73.2343,60.0,13.2343,1,0,0,0.3828012999147177,4,214,236
002,1,1,20260611,175642,207,2,2,73.4021,0.8935,60.0,13.4021,1,0,0,0.3977954000001773,101,115,2,49.2255,60.0,10.7745,0,0,1,0.3335469000739977,4,214,237
002,1,1,20260611,175644,208,2,2,67.9889,0.5326,60.0,7.9889,1,0,0,0.3652056000428274,101,115,2,73.4021,60.0,13.4021,1,0,0,0.3977954000001773,4,214,238
002,1,1,20260611,175646,209,2,2,56.0435,-0.2638,60.0,3.9565,0,1,0,0.48379249998833984,101,115,2,67.9889,60.0,7.9889,1,0,0,0.3652056000428274,4,214,239
002,1,1,20260611,175648,210,2,2,58.2378,-0.1175,60.0,1.7622,0,1,0,0.3970652000280097,101,115,2,56.0435,60.0,3.9565,0,1,0,0.4837924999883398,4,214,240
002,1,1,20260611,175650,211,2,2,72.9328,0.8622,60.0,12.9328,1,0,0,0.30034170008730143,101,115,2,58.2378,60.0,1.7622,0,1,0,0.3970652000280097,4,214,241
002,1,1,20260611,175652,212,2,2,52.18,-0.5213,60.0,7.82,0,0,1,0.4654798998963088,102,116,2,72.9328,60.0,12.9328,1,0,0,0.3003417000873014,4,214,242
002,1,1,20260611,175654,213,2,2,63.0707,0.2047,60.0,3.0707,1,1,1,0.3981039999052882,103,117,2,52.18,60.0,7.82,0,0,1,0.4654798998963088,4,214,243
002,1,1,20260611,175656,214,2,2,59.2009,-0.0533,60.0,0.7991,0,1,0,0.3335459000663832,103,117,2,63.0707,60.0,3.0707,1,1,1,0.3981039999052882,4,214,244
002,1,1,20260611,175658,1,3,1,51.2293,-0.5847,60.0,8.7707,0,1,0,0.23101089999545366,0,117,2,59.2009,60.0,0.7991,0,1,0,0.3335459000663832,4,222,245
002,1,1,20260611,175700,2,3,1,61.7534,0.1169,60.0,1.7534,1,0,0,0.24775590002536774,0,117,1,51.2293,60.0,8.7707,0,1,0,0.2310108999954536,4,222,246
002,1,1,20260611,175702,3,3,1,67.0481,0.4699,60.0,7.0481,1,0,0,0.36592079990077764,0,117,1,61.7534,60.0,1.7534,1,0,0,0.2477559000253677,4,222,247
002,1,1,20260611,175703,4,3,1,70.2914,0.6861,60.0,10.2914,1,0,0,0.3325830999528989,0,117,1,67.0481,60.0,7.0481,1,0,0,0.3659207999007776,4,222,248
002,1,1,20260611,175705,5,3,1,64.6007,0.3067,60.0,4.6007,1,1,1,0.31775459996424615,1,118,1,70.2914,60.0,10.2914,1,0,0,0.3325830999528989,4,222,249
002,1,1,20260611,175707,6,3,1,57.4936,-0.1671,60.0,2.5064,0,0,1,0.4509873000206426,2,119,1,64.6007,60.0,4.6007,1,1,1,0.3177545999642461,4,222,250
002,1,1,20260611,175709,7,3,1,74.031,0.9354,60.0,14.031,1,1,1,0.46528140001464635,3,120,1,57.4936,60.0,2.5064,0,0,1,0.4509873000206426,4,222,251
002,1,1,20260611,175711,8,3,1,59.8043,-0.013,60.0,0.1957,0,0,1,0.5680117000592873,4,121,1,74.031,60.0,14.031,1,1,1,0.4652814000146463,4,222,252
002,1,1,20260611,175713,9,3,1,49.5623,-0.6958,60.0,10.4377,0,1,0,0.49692330008838326,4,121,1,59.8043,60.0,0.1957,0,0,1,0.5680117000592873,4,222,253
002,1,1,20260611,175715,10,3,1,71.373,0.7582,60.0,11.373,1,0,0,0.48286089999601245,4,121,1,49.5623,60.0,10.4377,0,1,0,0.4969233000883832,4,222,254
002,1,1,20260611,175718,11,3,1,58.1029,-0.1265,60.0,1.8971,0,1,0,0.299178900080733,4,121,1,71.373,60.0,11.373,1,0,0,0.4828608999960124,4,222,255
002,1,1,20260611,175720,12,3,1,46.6903,-0.8873,60.0,13.3097,0,0,1,0.3000182999530807,5,122,1,58.1029,60.0,1.8971,0,1,0,0.299178900080733,4,222,256
002,1,1,20260611,175721,13,3,1,66.0406,0.4027,60.0,6.0406,1,0,0,0.41623910004273057,5,122,1,46.6903,60.0,13.3097,0,0,1,0.3000182999530807,4,222,257
002,1,1,20260611,175723,14,3,1,57.3126,-0.1792,60.0,2.6874,0,0,1,0.43373339995741844,6,123,1,66.0406,60.0,6.0406,1,0,0,0.4162391000427305,4,222,258
002,1,1,20260611,175725,15,3,1,60.2451,0.0163,60.0,0.2451,1,1,1,0.4501936000306159,7,124,1,57.3126,60.0,2.6874,0,0,1,0.4337333999574184,4,222,259
002,1,1,20260611,175727,16,3,1,60.0976,0.0065,60.0,0.0976,1,0,0,0.7651732000522316,7,124,1,60.2451,60.0,0.2451,1,1,1,0.4501936000306159,4,222,260
002,1,1,20260611,175730,17,3,1,59.9588,-0.0027,60.0,0.0412,0,1,0,0.3633933999808505,7,124,1,60.0976,60.0,0.0976,1,0,0,0.7651732000522316,4,222,261
002,1,1,20260611,175732,18,3,1,57.8996,-0.14,60.0,2.1004,0,0,1,0.3667727999854833,8,125,1,59.9588,60.0,0.0412,0,1,0,0.3633933999808505,4,222,262
002,1,1,20260611,175734,19,3,1,73.1735,0.8782,60.0,13.1735,1,0,0,0.3317475999938324,8,125,1,57.8996,60.0,2.1004,0,0,1,0.3667727999854833,4,222,263
002,1,1,20260611,175735,20,3,1,51.9666,-0.5356,60.0,8.0334,0,0,1,0.2646098000695929,9,126,1,73.1735,60.0,13.1735,1,0,0,0.3317475999938324,4,222,264
002,1,1,20260611,175737,21,3,1,73.9224,0.9282,60.0,13.9224,1,1,1,0.28195810003671795,10,127,1,51.9666,60.0,8.0334,0,0,1,0.2646098000695929,4,222,265
002,1,1,20260611,175739,22,3,1,58.1537,-0.1231,60.0,1.8463,0,1,0,0.28295659995637834,10,127,1,73.9224,60.0,13.9224,1,1,1,0.2819581000367179,4,222,266
002,1,1,20260611,175741,23,3,1,67.2812,0.4854,60.0,7.2812,1,1,1,0.5321348999859765,11,128,1,58.1537,60.0,1.8463,0,1,0,0.2829565999563783,4,222,267
002,1,1,20260611,175743,24,3,1,55.9423,-0.2705,60.0,4.0577,0,1,0,0.23061610001605004,11,128,1,67.2812,60.0,7.2812,1,1,1,0.5321348999859765,4,222,268
002,1,1,20260611,175747,25,3,1,68.7801,0.5853,60.0,8.7801,1,-1,-1,-1,11,128,1,55.9423,60.0,4.0577,0,1,0,0.23061610001605,4,222,269
002,1,1,20260611,175753,26,3,1,73.528,0.9019,60.0,13.528,1,0,0,0.548261099960655,11,128,1,68.7801,60.0,8.7801,1,-1,-1,-1.0,4,222,270
002,1,1,20260611,175756,27,3,1,57.6887,-0.1541,60.0,2.3113,0,1,0,0.5001331000821665,11,128,1,73.528,60.0,13.528,1,0,0,0.548261099960655,4,222,271
002,1,1,20260611,175758,28,3,1,67.1765,0.4784,60.0,7.1765,1,1,1,0.3146413000067696,12,129,1,57.6887,60.0,2.3113,0,1,0,0.5001331000821665,4,222,272
002,1,1,20260611,175802,29,3,1,59.7795,-0.0147,60.0,0.2205,0,0,1,0.41585350001696497,13,130,1,67.1765,60.0,7.1765,1,1,1,0.3146413000067696,4,222,273
002,1,1,20260611,175805,30,3,1,56.9309,-0.2046,60.0,3.0691,0,0,1,0.2986288999672979,14,131,1,59.7795,60.0,0.2205,0,0,1,0.4158535000169649,4,222,274
002,1,1,20260611,175807,31,3,1,45.4716,-0.9686,60.0,14.5284,0,0,1,1.2832991000032052,15,132,1,56.9309,60.0,3.0691,0,0,1,0.2986288999672979,4,222,275
002,1,1,20260611,175812,32,3,1,55.9537,-0.2698,60.0,4.0463,0,0,1,0.23358450003433973,16,133,1,45.4716,60.0,14.5284,0,0,1,1.2832991000032052,4,222,276
002,1,1,20260611,175814,33,3,1,72.4617,0.8308,60.0,12.4617,1,1,1,2.049537600018084,17,134,1,55.9537,60.0,4.0463,0,0,1,0.2335845000343397,4,222,277
002,1,1,20260611,175818,34,3,1,56.8481,-0.2101,60.0,3.1519,0,0,1,0.40012869995553046,18,135,1,72.4617,60.0,12.4617,1,1,1,2.049537600018084,4,222,278
002,1,1,20260611,175820,35,3,1,54.1677,-0.3888,60.0,5.8323,0,1,0,0.3827850000234321,18,135,1,56.8481,60.0,3.1519,0,0,1,0.4001286999555304,4,222,279
002,1,1,20260611,175822,36,3,1,58.1846,-0.121,60.0,1.8154,0,0,1,0.331764500006102,19,136,1,54.1677,60.0,5.8323,0,1,0,0.3827850000234321,4,222,280
002,1,1,20260611,175824,37,3,1,58.5804,-0.0946,60.0,1.4196,0,0,1,0.28357600001618266,20,137,1,58.1846,60.0,1.8154,0,0,1,0.331764500006102,4,222,281
002,1,1,20260611,175826,38,3,1,59.1089,-0.0594,60.0,0.8911,0,1,0,0.29852429998572916,20,137,1,58.5804,60.0,1.4196,0,0,1,0.2835760000161826,4,222,282
002,1,1,20260611,175828,39,3,1,51.1321,-0.5912,60.0,8.8679,0,1,0,1.2666064000222832,20,137,1,59.1089,60.0,0.8911,0,1,0,0.2985242999857291,4,222,283
002,1,1,20260611,175831,40,3,1,58.7111,-0.0859,60.0,1.2889,0,1,0,0.45181720005348325,20,137,1,51.1321,60.0,8.8679,0,1,0,1.2666064000222832,4,222,284
002,1,1,20260611,175834,41,3,1,58.5944,-0.0937,60.0,1.4056,0,1,0,0.8478534000460058,20,137,1,58.7111,60.0,1.2889,0,1,0,0.4518172000534832,4,222,285
002,1,1,20260611,175838,42,3,1,69.5921,0.6395,60.0,9.5921,1,0,0,0.5991134999785572,20,137,1,58.5944,60.0,1.4056,0,1,0,0.8478534000460058,4,222,286
002,1,1,20260611,175840,43,3,1,71.6979,0.7799,60.0,11.6979,1,0,0,0.3486603000201285,20,137,1,69.5921,60.0,9.5921,1,0,0,0.5991134999785572,4,222,287
002,1,1,20260611,175842,44,3,1,74.8615,0.9908,60.0,14.8615,1,0,0,0.33036460005678236,20,137,1,71.6979,60.0,11.6979,1,0,0,0.3486603000201285,4,222,288
002,1,1,20260611,175849,45,3,1,48.6476,-0.7568,60.0,11.3524,0,1,0,0.2681400999426842,20,137,1,74.8615,60.0,14.8615,1,0,0,0.3303646000567823,4,222,289
002,1,1,20260611,175851,46,3,1,54.8989,-0.3401,60.0,5.1011,0,1,0,0.8674756999826059,20,137,1,48.6476,60.0,11.3524,0,1,0,0.2681400999426842,4,222,290
002,1,1,20260611,175853,47,3,1,56.2174,-0.2522,60.0,3.7826,0,0,1,0.4160586999496445,21,138,1,54.8989,60.0,5.1011,0,1,0,0.8674756999826059,4,222,291
002,1,1,20260611,175856,48,3,1,66.5754,0.4384,60.0,6.5754,1,1,1,0.3669494000496343,22,139,1,56.2174,60.0,3.7826,0,0,1,0.4160586999496445,4,222,292
002,1,1,20260611,175859,49,3,1,59.7238,-0.0184,60.0,0.2762,0,0,1,0.7680562000023201,23,140,1,66.5754,60.0,6.5754,1,1,1,0.3669494000496343,4,222,293
002,1,1,20260611,175902,50,3,1,55.0688,-0.3287,60.0,4.9312,0,0,1,0.45156499999575317,24,141,1,59.7238,60.0,0.2762,0,0,1,0.7680562000023201,4,222,294
002,1,1,20260611,175905,51,3,1,64.9248,0.3283,60.0,4.9248,1,-1,-1,-1,24,141,1,55.0688,60.0,4.9312,0,0,1,0.4515649999957531,4,222,295
002,1,1,20260611,175914,52,3,1,72.2018,0.8135,60.0,12.2018,1,0,0,2.2498592999763787,24,141,1,64.9248,60.0,4.9248,1,-1,-1,-1.0,4,222,296
002,1,1,20260611,175918,53,3,1,68.6643,0.5776,60.0,8.6643,1,1,1,0.28294519998598844,25,142,1,72.2018,60.0,12.2018,1,0,0,2.2498592999763787,4,222,297
002,1,1,20260611,175920,54,3,1,47.1897,-0.854,60.0,12.8103,0,1,0,0.4320152999134734,25,142,1,68.6643,60.0,8.6643,1,1,1,0.2829451999859884,4,222,298
002,1,1,20260611,175923,55,3,1,59.6636,-0.0224,60.0,0.3364,0,0,1,0.30017099995166063,26,143,1,47.1897,60.0,12.8103,0,1,0,0.4320152999134734,4,222,299
002,1,1,20260611,175925,56,3,1,59.5792,-0.0281,60.0,0.4208,0,1,0,0.4664909999119118,26,143,1,59.6636,60.0,0.3364,0,0,1,0.3001709999516606,4,222,300
002,1,1,20260611,175927,57,3,1,72.1219,0.8081,60.0,12.1219,1,0,0,0.483530200086534,26,143,1,59.5792,60.0,0.4208,0,1,0,0.4664909999119118,4,222,301
002,1,1,20260611,175929,58,3,1,59.7886,-0.0141,60.0,0.2114,0,1,0,0.41607609996572137,26,143,1,72.1219,60.0,12.1219,1,0,0,0.483530200086534,4,222,302
002,1,1,20260611,175931,59,3,1,58.4605,-0.1026,60.0,1.5395,0,1,0,0.5506993000162765,26,143,1,59.7886,60.0,0.2114,0,1,0,0.4160760999657213,4,222,303
002,1,1,20260611,175933,60,3,1,69.4735,0.6316,60.0,9.4735,1,0,0,0.5308599999407306,26,143,1,58.4605,60.0,1.5395,0,1,0,0.5506993000162765,4,222,304
002,1,1,20260611,175936,61,3,1,57.7339,-0.1511,60.0,2.2661,0,0,1,0.5164366000099108,27,144,1,69.4735,60.0,9.4735,1,0,0,0.5308599999407306,4,222,305
002,1,1,20260611,175938,62,3,1,55.2674,-0.3155,60.0,4.7326,0,1,0,0.28203939995728433,27,144,1,57.7339,60.0,2.2661,0,0,1,0.5164366000099108,4,222,306
002,1,1,20260611,175940,63,3,1,73.1738,0.8783,60.0,13.1738,1,1,1,0.34865130006801337,28,145,1,55.2674,60.0,4.7326,0,1,0,0.2820393999572843,4,222,307
002,1,1,20260611,175942,64,3,1,58.0095,-0.1327,60.0,1.9905,0,0,1,0.38116440002340823,29,146,1,73.1738,60.0,13.1738,1,1,1,0.3486513000680133,4,222,308
002,1,1,20260611,175944,65,3,1,57.5624,-0.1625,60.0,2.4376,0,0,1,0.31601029995363206,30,147,1,58.0095,60.0,1.9905,0,0,1,0.3811644000234082,4,222,309
002,1,1,20260611,175946,66,3,1,50.9272,-0.6049,60.0,9.0728,0,0,1,0.28268459998071194,31,148,1,57.5624,60.0,2.4376,0,0,1,0.316010299953632,4,222,310
002,1,1,20260611,175948,67,3,1,58.0002,-0.1333,60.0,1.9998,0,1,0,0.3999006999656558,31,148,1,50.9272,60.0,9.0728,0,0,1,0.2826845999807119,4,222,311
002,1,1,20260611,175950,68,3,1,67.0851,0.4723,60.0,7.0851,1,1,1,0.4989181000273675,32,149,1,58.0002,60.0,1.9998,0,1,0,0.3999006999656558,4,222,312
002,1,1,20260611,175952,69,3,1,53.787,-0.4142,60.0,6.213,0,0,1,0.5004695999668911,33,150,1,67.0851,60.0,7.0851,1,1,1,0.4989181000273675,4,222,313
002,1,1,20260611,175954,70,3,1,49.3971,-0.7069,60.0,10.6029,0,0,1,0.4981885999441147,34,151,1,53.787,60.0,6.213,0,0,1,0.5004695999668911,4,222,314
002,1,1,20260611,175956,71,3,1,72.7053,0.847,60.0,12.7053,1,0,0,1.499496700009331,34,151,1,49.3971,60.0,10.6029,0,0,1,0.4981885999441147,4,222,315
002,1,1,20260611,180000,72,3,1,62.9295,0.1953,60.0,2.9295,1,1,1,2.148464299971238,35,152,1,72.7053,60.0,12.7053,1,0,0,1.499496700009331,4,222,316
002,1,1,20260611,180007,73,3,1,50.0745,-0.6617,60.0,9.9255,0,1,0,0.7011704000178725,35,152,1,62.9295,60.0,2.9295,1,1,1,2.148464299971238,4,222,317
002,1,1,20260611,180009,74,3,1,62.8291,0.1886,60.0,2.8291,1,0,0,0.6492677999194711,35,152,1,50.0745,60.0,9.9255,0,1,0,0.7011704000178725,4,222,318
002,1,1,20260611,180011,75,3,1,68.9467,0.5964,60.0,8.9467,1,1,1,0.7157987999962643,36,153,1,62.8291,60.0,2.8291,1,0,0,0.6492677999194711,4,222,319
002,1,1,20260611,180014,76,3,1,54.2768,-0.3815,60.0,5.7232,0,1,0,0.46513340005185455,36,153,1,68.9467,60.0,8.9467,1,1,1,0.7157987999962643,4,222,320
002,1,1,20260611,180016,77,3,1,50.0878,-0.6608,60.0,9.9122,0,0,1,0.6141638000262901,37,154,1,54.2768,60.0,5.7232,0,1,0,0.4651334000518545,4,222,321
002,1,1,20260611,180019,78,3,1,53.6702,-0.422,60.0,6.3298,0,0,1,0.9011294000083581,38,155,1,50.0878,60.0,9.9122,0,0,1,0.6141638000262901,4,222,322
002,1,1,20260611,180021,79,3,1,57.9323,-0.1378,60.0,2.0677,0,1,0,0.5159233000595123,38,155,1,53.6702,60.0,6.3298,0,0,1,0.901129400008358,4,222,323
002,1,1,20260611,180024,80,3,1,53.7862,-0.4143,60.0,6.2138,0,1,0,0.49960350000765175,38,155,1,57.9323,60.0,2.0677,0,1,0,0.5159233000595123,4,222,324
002,1,1,20260611,180026,81,3,1,54.8469,-0.3435,60.0,5.1531,0,1,0,0.4151222000364214,38,155,1,53.7862,60.0,6.2138,0,1,0,0.4996035000076517,4,222,325
002,1,1,20260611,180028,82,3,1,70.7827,0.7188,60.0,10.7827,1,1,1,0.3989873999962583,39,156,1,54.8469,60.0,5.1531,0,1,0,0.4151222000364214,4,222,326
002,1,1,20260611,180030,83,3,1,52.7033,-0.4864,60.0,7.2967,0,0,1,0.38406499999109656,40,157,1,70.7827,60.0,10.7827,1,1,1,0.3989873999962583,4,222,327
002,1,1,20260611,180035,84,3,1,57.2241,-0.1851,60.0,2.7759,0,-1,-1,-1,40,157,1,52.7033,60.0,7.2967,0,0,1,0.3840649999910965,4,222,328
002,1,1,20260611,180044,85,3,1,49.2009,-0.7199,60.0,10.7991,0,-1,-1,-1,40,157,1,57.2241,60.0,2.7759,0,-1,-1,-1.0,4,222,329
002,1,1,20260611,180053,86,3,1,62.4255,0.1617,60.0,2.4255,1,-1,-1,-1,40,157,1,49.2009,60.0,10.7991,0,-1,-1,-1.0,4,222,330
002,1,1,20260611,180126,87,3,1,74.5017,0.9668,60.0,14.5017,1,1,1,2.401270099915564,41,158,1,62.4255,60.0,2.4255,1,-1,-1,-1.0,4,222,331
002,1,1,20260611,180131,88,3,1,59.0924,-0.0605,60.0,0.9076,0,0,1,0.6634446999523789,42,159,1,74.5017,60.0,14.5017,1,1,1,2.401270099915564,4,222,332
002,1,1,20260611,180134,89,3,1,54.3977,-0.3735,60.0,5.6023,0,-1,-1,-1,42,159,1,59.0924,60.0,0.9076,0,0,1,0.6634446999523789,4,222,333
002,1,1,20260611,180141,90,3,1,64.0579,0.2705,60.0,4.0579,1,0,0,0.535329099977389,42,159,1,54.3977,60.0,5.6023,0,-1,-1,-1.0,4,222,334
002,1,1,20260611,180146,91,3,1,60.7696,0.0513,60.0,0.7696,1,1,1,0.7653753999620676,43,160,1,64.0579,60.0,4.0579,1,0,0,0.535329099977389,4,222,335
002,1,1,20260611,180149,92,3,1,59.6907,-0.0206,60.0,0.3093,0,1,0,0.39792229991871864,43,160,1,60.7696,60.0,0.7696,1,1,1,0.7653753999620676,4,222,336
002,1,1,20260611,180152,93,3,1,61.7697,0.118,60.0,1.7697,1,1,1,0.4498610000591725,44,161,1,59.6907,60.0,0.3093,0,1,0,0.3979222999187186,4,222,337
002,1,1,20260611,180155,94,3,1,49.5644,-0.6957,60.0,10.4356,0,0,1,0.6485037999227643,45,162,1,61.7697,60.0,1.7697,1,1,1,0.4498610000591725,4,222,338
002,1,1,20260611,180200,95,3,1,66.5294,0.4353,60.0,6.5294,1,0,0,0.5315788000589237,45,162,1,49.5644,60.0,10.4356,0,0,1,0.6485037999227643,4,222,339
002,1,1,20260611,180203,96,3,1,58.2259,-0.1183,60.0,1.7741,0,0,1,0.7656202000798658,46,163,1,66.5294,60.0,6.5294,1,0,0,0.5315788000589237,4,222,340
002,1,1,20260611,180208,97,3,1,52.8366,-0.4776,60.0,7.1634,0,1,0,1.8334084000671282,46,163,1,58.2259,60.0,1.7741,0,0,1,0.7656202000798658,4,222,341
002,1,1,20260611,180214,98,3,1,52.8031,-0.4798,60.0,7.1969,0,1,0,0.6476225999649614,46,163,1,52.8366,60.0,7.1634,0,1,0,1.833408400067128,4,222,342
002,1,1,20260611,180216,99,3,1,73.8494,0.9233,60.0,13.8494,1,1,1,0.5011333000147715,47,164,1,52.8031,60.0,7.1969,0,1,0,0.6476225999649614,4,222,343
002,1,1,20260611,180219,100,3,1,71.5679,0.7712,60.0,11.5679,1,1,1,0.34991709992755204,48,165,1,73.8494,60.0,13.8494,1,1,1,0.5011333000147715,4,222,344
002,1,1,20260611,180222,101,3,1,52.0662,-0.5289,60.0,7.9338,0,1,0,0.3654523999430239,48,165,1,71.5679,60.0,11.5679,1,1,1,0.349917099927552,4,222,345
002,1,1,20260611,180224,102,3,1,74.4204,0.9614,60.0,14.4204,1,1,1,0.44930919993203133,49,166,1,52.0662,60.0,7.9338,0,1,0,0.3654523999430239,4,222,346
002,1,1,20260611,180226,103,3,1,71.2234,0.7482,60.0,11.2234,1,0,0,0.33335700002498925,49,166,1,74.4204,60.0,14.4204,1,1,1,0.4493091999320313,4,222,347
002,1,1,20260611,180228,104,3,1,71.3087,0.7539,60.0,11.3087,1,1,1,0.2971112000523135,50,167,1,71.2234,60.0,11.2234,1,0,0,0.3333570000249892,4,222,348
002,1,1,20260611,180233,105,3,1,70.334,0.6889,60.0,10.334,1,1,1,0.6487361000617966,51,168,1,71.3087,60.0,11.3087,1,1,1,0.2971112000523135,4,222,349
002,1,1,20260611,180236,106,3,1,65.2328,0.3489,60.0,5.2328,1,0,0,0.5320200000423938,51,168,1,70.334,60.0,10.334,1,1,1,0.6487361000617966,4,222,350
002,1,1,20260611,180239,107,3,1,61.1392,0.0759,60.0,1.1392,1,1,1,0.7496939999982715,52,169,1,65.2328,60.0,5.2328,1,0,0,0.5320200000423938,4,222,351
002,1,1,20260611,180242,108,3,1,68.9597,0.5973,60.0,8.9597,1,-1,-1,-1,52,169,1,61.1392,60.0,1.1392,1,1,1,0.7496939999982715,4,222,352
002,1,1,20260611,180251,109,3,1,69.6555,0.6437,60.0,9.6555,1,-1,-1,-1,52,169,1,68.9597,60.0,8.9597,1,-1,-1,-1.0,4,222,353
002,1,1,20260611,180258,110,3,1,73.9444,0.9296,60.0,13.9444,1,1,1,0.34969569998793304,53,170,1,69.6555,60.0,9.6555,1,-1,-1,-1.0,4,222,354
002,1,1,20260611,180300,111,3,1,47.3117,-0.8459,60.0,12.6883,0,1,0,0.7315347000258043,53,170,1,73.9444,60.0,13.9444,1,1,1,0.349695699987933,4,222,355
002,1,1,20260611,180303,112,3,1,58.7392,-0.0841,60.0,1.2608,0,0,1,0.5839754999615252,54,171,1,47.3117,60.0,12.6883,0,1,0,0.7315347000258043,4,222,356
002,1,1,20260611,180305,113,3,1,54.5705,-0.362,60.0,5.4295,0,1,0,0.43515570007730275,54,171,1,58.7392,60.0,1.2608,0,0,1,0.5839754999615252,4,222,357
002,1,1,20260611,180307,114,3,1,63.3327,0.2222,60.0,3.3327,1,1,1,0.49920429999474436,55,172,1,54.5705,60.0,5.4295,0,1,0,0.4351557000773027,4,222,358
002,1,1,20260611,180309,115,3,1,59.6929,-0.0205,60.0,0.3071,0,1,0,0.6320350000169128,55,172,1,63.3327,60.0,3.3327,1,1,1,0.4992042999947443,4,222,359
002,1,1,20260611,180311,116,3,1,60.2928,0.0195,60.0,0.2928,1,0,0,0.28314079996198416,55,172,1,59.6929,60.0,0.3071,0,1,0,0.6320350000169128,4,222,360
002,1,1,20260611,180313,117,3,1,58.4744,-0.1017,60.0,1.5256,0,1,0,0.6167063000611961,55,172,1,60.2928,60.0,0.2928,1,0,0,0.2831407999619841,4,222,361
002,1,1,20260611,180316,118,3,1,69.1637,0.6109,60.0,9.1637,1,0,0,0.24952710000798106,55,172,1,58.4744,60.0,1.5256,0,1,0,0.6167063000611961,4,222,362
002,1,1,20260611,180317,119,3,1,58.1434,-0.1238,60.0,1.8566,0,1,0,0.2821249000262469,55,172,1,69.1637,60.0,9.1637,1,0,0,0.249527100007981,4,222,363
002,1,1,20260611,180319,120,3,1,64.182,0.2788,60.0,4.182,1,1,1,0.3008577999426052,56,173,1,58.1434,60.0,1.8566,0,1,0,0.2821249000262469,4,222,364
002,1,1,20260611,180324,121,3,1,68.4402,0.5627,60.0,8.4402,1,1,1,2.117201599990949,57,174,1,64.182,60.0,4.182,1,1,1,0.3008577999426052,4,222,365
002,1,1,20260611,180328,122,3,1,55.138,-0.3241,60.0,4.862,0,1,0,0.2822466000216082,57,174,1,68.4402,60.0,8.4402,1,1,1,2.117201599990949,4,222,366
002,1,1,20260611,180330,123,3,1,68.9749,0.5983,60.0,8.9749,1,1,1,0.23447770008351654,58,175,1,55.138,60.0,4.862,0,1,0,0.2822466000216082,4,222,367
002,1,1,20260611,180332,124,3,1,63.892,0.2595,60.0,3.892,1,0,0,0.5977934999391437,58,175,1,68.9749,60.0,8.9749,1,1,1,0.2344777000835165,4,222,368
002,1,1,20260611,180334,125,3,1,72.4313,0.8288,60.0,12.4313,1,1,1,4.021404200000688,59,176,1,63.892,60.0,3.892,1,0,0,0.5977934999391437,4,222,369
002,1,1,20260611,180340,126,3,1,55.5748,-0.295,60.0,4.4252,0,1,0,0.6171438000164926,59,176,1,72.4313,60.0,12.4313,1,1,1,4.021404200000688,4,222,370
002,1,1,20260611,180342,127,3,1,54.594,-0.3604,60.0,5.406,0,1,0,0.23205089999828488,59,176,1,55.5748,60.0,4.4252,0,1,0,0.6171438000164926,4,222,371
002,1,1,20260611,180344,128,3,1,56.074,-0.2617,60.0,3.926,0,0,1,0.43294890003744513,60,177,1,54.594,60.0,5.406,0,1,0,0.2320508999982848,4,222,372
002,1,1,20260611,180346,129,3,1,60.6507,0.0434,60.0,0.6507,1,1,1,0.46539100003428757,61,178,1,56.074,60.0,3.926,0,0,1,0.4329489000374451,4,222,373
002,1,1,20260611,180348,130,3,1,53.0751,-0.4617,60.0,6.9249,0,1,0,0.6976784999715164,61,178,1,60.6507,60.0,0.6507,1,1,1,0.4653910000342875,4,222,374
002,1,1,20260611,180351,131,3,1,66.1493,0.41,60.0,6.1493,1,0,0,0.4000058000674471,61,178,1,53.0751,60.0,6.9249,0,1,0,0.6976784999715164,4,222,375
002,1,1,20260611,180353,132,3,1,53.4539,-0.4364,60.0,6.5461,0,0,1,0.36502610007300973,62,179,1,66.1493,60.0,6.1493,1,0,0,0.4000058000674471,4,222,376
002,1,1,20260611,180355,133,3,1,59.4157,-0.039,60.0,0.5843,0,0,1,0.3990542999235913,63,180,1,53.4539,60.0,6.5461,0,0,1,0.3650261000730097,4,222,377
002,1,1,20260611,180357,134,3,1,69.8274,0.6552,60.0,9.8274,1,0,0,0.3495537000708282,63,180,1,59.4157,60.0,0.5843,0,0,1,0.3990542999235913,4,222,378
002,1,1,20260611,180359,135,3,1,61.6832,0.1122,60.0,1.6832,1,0,0,0.3664846000028774,63,180,1,69.8274,60.0,9.8274,1,0,0,0.3495537000708282,4,222,379
002,1,1,20260611,180401,136,3,1,71.7838,0.7856,60.0,11.7838,1,0,0,0.31588349991943687,63,180,1,61.6832,60.0,1.6832,1,0,0,0.3664846000028774,4,222,380
002,1,1,20260611,180406,137,3,1,59.2293,-0.0514,60.0,0.7707,0,-1,-1,-1,63,180,1,71.7838,60.0,11.7838,1,0,0,0.3158834999194368,4,222,381
002,1,1,20260611,180414,138,3,1,55.2018,-0.3199,60.0,4.7982,0,0,1,0.5490815000375733,64,181,1,59.2293,60.0,0.7707,0,-1,-1,-1.0,4,222,382
002,1,1,20260611,180417,139,3,1,52.9129,-0.4725,60.0,7.0871,0,1,0,0.2513199000386521,64,181,1,55.2018,60.0,4.7982,0,0,1,0.5490815000375733,4,222,383
002,1,1,20260611,180419,140,3,1,61.4916,0.0994,60.0,1.4916,1,1,1,0.35021570010576397,65,182,1,52.9129,60.0,7.0871,0,1,0,0.2513199000386521,4,222,384
002,1,1,20260611,180421,141,3,1,66.4647,0.431,60.0,6.4647,1,1,1,0.23262670007534325,66,183,1,61.4916,60.0,1.4916,1,1,1,0.3502157001057639,4,222,385
002,1,1,20260611,180423,142,3,1,56.4303,-0.238,60.0,3.5697,0,1,0,0.25030399998649955,66,183,1,66.4647,60.0,6.4647,1,1,1,0.2326267000753432,4,222,386
002,1,1,20260611,180425,143,3,1,68.746,0.5831,60.0,8.746,1,0,0,0.26515859994105995,66,183,1,56.4303,60.0,3.5697,0,1,0,0.2503039999864995,4,222,387
002,1,1,20260611,180426,144,3,1,68.0087,0.5339,60.0,8.0087,1,0,0,0.36536769999656826,66,183,1,68.746,60.0,8.746,1,0,0,0.2651585999410599,4,222,388
002,1,1,20260611,180428,145,3,1,74.9962,0.9997,60.0,14.9962,1,0,0,0.24936389992944896,66,183,1,68.0087,60.0,8.0087,1,0,0,0.3653676999965682,4,222,389
002,1,1,20260611,180435,146,3,1,61.4662,0.0977,60.0,1.4662,1,1,1,0.5335991999600083,67,184,1,74.9962,60.0,14.9962,1,0,0,0.2493638999294489,4,222,390
002,1,1,20260611,180438,147,3,1,72.472,0.8315,60.0,12.472,1,1,1,0.5001898999325931,68,185,1,61.4662,60.0,1.4662,1,1,1,0.5335991999600083,4,222,391
002,1,1,20260611,180443,148,3,1,65.4425,0.3628,60.0,5.4425,1,-1,-1,-1,68,185,1,72.472,60.0,12.472,1,1,1,0.5001898999325931,4,222,392
002,1,1,20260611,180451,149,3,1,51.5271,-0.5649,60.0,8.4729,0,-1,-1,-1,68,185,1,65.4425,60.0,5.4425,1,-1,-1,-1.0,4,222,393
002,1,1,20260611,180500,150,3,1,59.2474,-0.0502,60.0,0.7526,0,1,0,0.4498987999977544,68,185,1,51.5271,60.0,8.4729,0,-1,-1,-1.0,4,222,394
002,1,1,20260611,180502,151,3,1,70.0101,0.6673,60.0,10.0101,1,1,1,0.4165473999455571,69,186,1,59.2474,60.0,0.7526,0,1,0,0.4498987999977544,4,222,395
002,1,1,20260611,180504,152,3,1,63.5697,0.238,60.0,3.5697,1,1,1,0.2982995000202209,70,187,1,70.0101,60.0,10.0101,1,1,1,0.4165473999455571,4,222,396
002,1,1,20260611,180506,153,3,1,72.1147,0.8076,60.0,12.1147,1,1,1,0.24989070009905845,71,188,1,63.5697,60.0,3.5697,1,1,1,0.2982995000202209,4,222,397
002,1,1,20260611,180508,154,3,1,46.2511,-0.9166,60.0,13.7489,0,1,0,0.7322670000139624,71,188,1,72.1147,60.0,12.1147,1,1,1,0.2498907000990584,4,222,398
002,1,1,20260611,180510,155,3,1,55.5185,-0.2988,60.0,4.4815,0,0,1,0.36549519991967827,72,189,1,46.2511,60.0,13.7489,0,1,0,0.7322670000139624,4,222,399
002,1,1,20260611,180512,156,3,1,61.9798,0.132,60.0,1.9798,1,0,0,0.3341495000058785,72,189,1,55.5185,60.0,4.4815,0,0,1,0.3654951999196782,4,222,400
002,1,1,20260611,180514,157,3,1,57.6283,-0.1581,60.0,2.3717,0,1,0,0.25222230004146695,72,189,1,61.9798,60.0,1.9798,1,0,0,0.3341495000058785,4,222,401
002,1,1,20260611,180516,158,3,1,59.6207,-0.0253,60.0,0.3793,0,0,1,0.2663310000207275,73,190,1,57.6283,60.0,2.3717,0,1,0,0.2522223000414669,4,222,402
002,1,1,20260611,180518,159,3,1,48.4672,-0.7689,60.0,11.5328,0,1,0,0.2979120999807492,73,190,1,59.6207,60.0,0.3793,0,0,1,0.2663310000207275,4,222,403
002,1,1,20260611,180520,160,3,1,73.4051,0.8937,60.0,13.4051,1,0,0,0.400803399970755,73,190,1,48.4672,60.0,11.5328,0,1,0,0.2979120999807492,4,222,404
002,1,1,20260611,180522,161,3,1,64.5145,0.301,60.0,4.5145,1,1,1,0.9498227000003681,74,191,1,73.4051,60.0,13.4051,1,0,0,0.400803399970755,4,222,405
002,1,1,20260611,180527,162,3,1,58.4359,-0.1043,60.0,1.5641,0,0,1,0.9326913000550121,75,192,1,64.5145,60.0,4.5145,1,1,1,0.949822700000368,4,222,406
002,1,1,20260611,180531,163,3,1,60.5534,0.0369,60.0,0.5534,1,1,1,0.4325331000145525,76,193,1,58.4359,60.0,1.5641,0,0,1,0.932691300055012,4,222,407
002,1,1,20260611,180534,164,3,1,46.9463,-0.8702,60.0,13.0537,0,0,1,0.5816439000191167,77,194,1,60.5534,60.0,0.5534,1,1,1,0.4325331000145525,4,222,408
002,1,1,20260611,180537,165,3,1,72.2217,0.8148,60.0,12.2217,1,1,1,3.8200989000033587,78,195,1,46.9463,60.0,13.0537,0,0,1,0.5816439000191167,4,222,409
002,1,1,20260611,180543,166,3,1,70.5071,0.7005,60.0,10.5071,1,1,1,1.266944200033322,79,196,1,72.2217,60.0,12.2217,1,1,1,3.820098900003359,4,222,410
002,1,1,20260611,180548,167,3,1,57.5434,-0.1638,60.0,2.4566,0,0,1,4.452570499968715,80,197,1,70.5071,60.0,10.5071,1,1,1,1.266944200033322,4,222,411
002,1,1,20260611,180557,168,3,1,59.8557,-0.0096,60.0,0.1443,0,0,1,1.9345031999982893,81,198,1,57.5434,60.0,2.4566,0,0,1,4.452570499968715,4,222,412
002,1,1,20260611,180601,169,3,1,51.1168,-0.5922,60.0,8.8832,0,1,0,0.4479847999755293,81,198,1,59.8557,60.0,0.1443,0,0,1,1.9345031999982891,4,222,413
002,1,1,20260611,180604,170,3,1,46.6284,-0.8914,60.0,13.3716,0,1,0,1.5833525999914855,81,198,1,51.1168,60.0,8.8832,0,1,0,0.4479847999755293,4,222,414
002,1,1,20260611,180608,171,3,1,67.4656,0.4977,60.0,7.4656,1,1,1,0.2666686999145895,82,199,1,46.6284,60.0,13.3716,0,1,0,1.5833525999914857,4,222,415
002,1,1,20260611,180610,172,3,1,67.591,0.5061,60.0,7.591,1,0,0,4.737822399940342,82,199,1,67.4656,60.0,7.4656,1,1,1,0.2666686999145895,4,222,416
002,1,1,20260611,180616,173,3,1,54.604,-0.3597,60.0,5.396,0,1,0,0.2671213001012802,82,199,1,67.591,60.0,7.591,1,0,0,4.737822399940342,4,222,417
002,1,1,20260611,180618,174,3,1,70.8131,0.7209,60.0,10.8131,1,1,1,0.31664770003408194,83,200,1,54.604,60.0,5.396,0,1,0,0.2671213001012802,4,222,418
002,1,1,20260611,180620,175,3,1,72.2779,0.8185,60.0,12.2779,1,0,0,2.7840820000274107,83,200,1,70.8131,60.0,10.8131,1,1,1,0.3166477000340819,4,222,419
002,1,1,20260611,180625,176,3,1,64.8516,0.3234,60.0,4.8516,1,0,0,0.4491265000542626,83,200,1,72.2779,60.0,12.2779,1,0,0,2.7840820000274107,4,222,420
002,1,1,20260611,180627,177,3,1,54.2427,-0.3838,60.0,5.7573,0,0,1,0.31582689995411783,84,201,1,64.8516,60.0,4.8516,1,0,0,0.4491265000542626,4,222,421
002,1,1,20260611,180630,178,3,1,45.9268,-0.9382,60.0,14.0732,0,1,0,1.918878099997528,84,201,1,54.2427,60.0,5.7573,0,0,1,0.3158268999541178,4,222,422
002,1,1,20260611,180633,179,3,1,67.2694,0.4846,60.0,7.2694,1,0,0,0.31726999999955297,84,201,1,45.9268,60.0,14.0732,0,1,0,1.918878099997528,4,222,423
002,1,1,20260611,180635,180,3,1,49.6728,-0.6885,60.0,10.3272,0,1,0,0.31527019990608096,84,201,1,67.2694,60.0,7.2694,1,0,0,0.3172699999995529,4,222,424
002,1,1,20260611,180637,181,3,1,74.023,0.9349,60.0,14.023,1,1,1,0.3167680000187829,85,202,1,49.6728,60.0,10.3272,0,1,0,0.3152701999060809,4,222,425
002,1,1,20260611,180639,182,3,1,66.2898,0.4193,60.0,6.2898,1,0,0,0.2837224000832066,85,202,1,74.023,60.0,14.023,1,1,1,0.3167680000187829,4,222,426
002,1,1,20260611,180641,183,3,1,58.7932,-0.0805,60.0,1.2068,0,0,1,0.28182090003974736,86,203,1,66.2898,60.0,6.2898,1,0,0,0.2837224000832066,4,222,427
002,1,1,20260611,180643,184,3,1,60.6408,0.0427,60.0,0.6408,1,-1,-1,-1,86,203,1,58.7932,60.0,1.2068,0,0,1,0.2818209000397473,4,222,428
002,1,1,20260611,180650,185,3,1,62.4812,0.1654,60.0,2.4812,1,1,1,0.4177533999318257,87,204,1,60.6408,60.0,0.6408,1,-1,-1,-1.0,4,222,429
002,1,1,20260611,180653,186,3,1,59.9789,-0.0014,60.0,0.0211,0,1,0,0.31619569996837527,87,204,1,62.4812,60.0,2.4812,1,1,1,0.4177533999318257,4,222,430
002,1,1,20260611,180654,187,3,1,51.8484,-0.5434,60.0,8.1516,0,0,1,0.38200789992697537,88,205,1,59.9789,60.0,0.0211,0,1,0,0.3161956999683752,4,222,431
002,1,1,20260611,180656,188,3,1,63.314,0.2209,60.0,3.314,1,0,0,0.3163868000265211,88,205,1,51.8484,60.0,8.1516,0,0,1,0.3820078999269753,4,222,432
002,1,1,20260611,180659,189,3,1,56.0295,-0.2647,60.0,3.9705,0,0,1,0.5492450000019744,89,206,1,63.314,60.0,3.314,1,0,0,0.3163868000265211,4,222,433
002,1,1,20260611,180701,190,3,1,59.9009,-0.0066,60.0,0.0991,0,1,0,0.48317409993615,89,206,1,56.0295,60.0,3.9705,0,0,1,0.5492450000019744,4,222,434
002,1,1,20260611,180703,191,3,1,51.0701,-0.5953,60.0,8.9299,0,0,1,0.4829353999812156,90,207,1,59.9009,60.0,0.0991,0,1,0,0.48317409993615,4,222,435
002,1,1,20260611,180705,192,3,1,45.3901,-0.974,60.0,14.6099,0,1,0,0.3163572000339627,90,207,1,51.0701,60.0,8.9299,0,0,1,0.4829353999812156,4,222,436
002,1,1,20260611,180707,193,3,1,59.5635,-0.0291,60.0,0.4365,0,0,1,0.3986799999838695,91,208,1,45.3901,60.0,14.6099,0,1,0,0.3163572000339627,4,222,437
002,1,1,20260611,180710,194,3,1,65.6134,0.3742,60.0,5.6134,1,1,1,0.2667688000947237,92,209,1,59.5635,60.0,0.4365,0,0,1,0.3986799999838695,4,222,438
002,1,1,20260611,180711,195,3,1,56.5955,-0.227,60.0,3.4045,0,0,1,0.2488387000048533,93,210,1,65.6134,60.0,5.6134,1,1,1,0.2667688000947237,4,222,439
002,1,1,20260611,180713,196,3,1,70.286,0.6857,60.0,10.286,1,1,1,0.2993269000435248,94,211,1,56.5955,60.0,3.4045,0,0,1,0.2488387000048533,4,222,440
002,1,1,20260611,180715,197,3,1,55.912,-0.2725,60.0,4.088,0,0,1,0.2671617000596598,95,212,1,70.286,60.0,10.286,1,1,1,0.2993269000435248,4,222,441
002,1,1,20260611,180717,198,3,1,67.8105,0.5207,60.0,7.8105,1,0,0,0.279876200016588,95,212,1,55.912,60.0,4.088,0,0,1,0.2671617000596598,4,222,442
002,1,1,20260611,180719,199,3,1,70.1647,0.6776,60.0,10.1647,1,1,1,0.24989259999711066,96,213,1,67.8105,60.0,7.8105,1,0,0,0.279876200016588,4,222,443
002,1,1,20260611,180721,200,3,1,64.1101,0.274,60.0,4.1101,1,1,1,0.6164035000838339,97,214,1,70.1647,60.0,10.1647,1,1,1,0.2498925999971106,4,222,444
002,1,1,20260611,180723,201,3,1,58.4403,-0.104,60.0,1.5597,0,0,1,0.2813627999275923,98,215,1,64.1101,60.0,4.1101,1,1,1,0.6164035000838339,4,222,445
002,1,1,20260611,180725,202,3,1,66.4717,0.4314,60.0,6.4717,1,1,1,0.28173049993347377,99,216,1,58.4403,60.0,1.5597,0,0,1,0.2813627999275923,4,222,446
002,1,1,20260611,180727,203,3,1,58.8496,-0.0767,60.0,1.1504,0,-1,-1,-1,99,216,1,66.4717,60.0,6.4717,1,1,1,0.2817304999334737,4,222,447
002,1,1,20260611,180736,204,3,1,53.3537,-0.4431,60.0,6.6463,0,-1,-1,-1,99,216,1,58.8496,60.0,1.1504,0,-1,-1,-1.0,4,222,448
002,1,1,20260611,180744,205,3,1,59.7275,-0.0182,60.0,0.2725,0,1,0,0.39882259990554303,99,216,1,53.3537,60.0,6.6463,0,-1,-1,-1.0,4,222,449
002,1,1,20260611,180747,206,3,1,74.6102,0.974,60.0,14.6102,1,1,1,0.4153968000318855,100,217,1,59.7275,60.0,0.2725,0,1,0,0.398822599905543,4,222,450
002,1,1,20260611,180749,207,3,1,72.0226,0.8015,60.0,12.0226,1,1,1,0.4818223000038415,101,218,1,74.6102,60.0,14.6102,1,1,1,0.4153968000318855,4,222,451
002,1,1,20260611,180751,208,3,1,49.6661,-0.6889,60.0,10.3339,0,1,0,0.6152498999144882,101,218,1,72.0226,60.0,12.0226,1,1,1,0.4818223000038415,4,222,452
002,1,1,20260611,180754,209,3,1,58.782,-0.0812,60.0,1.218,0,0,1,0.9004404000006616,102,219,1,49.6661,60.0,10.3339,0,1,0,0.6152498999144882,4,222,453
002,1,1,20260611,180756,210,3,1,70.2464,0.6831,60.0,10.2464,1,1,1,0.5982344000367448,103,220,1,58.782,60.0,1.218,0,0,1,0.9004404000006616,4,222,454
002,1,1,20260611,180759,211,3,1,58.3173,-0.1122,60.0,1.6827,0,0,1,0.28214489994570613,104,221,1,70.2464,60.0,10.2464,1,1,1,0.5982344000367448,4,222,455
002,1,1,20260611,180804,212,3,1,50.4403,-0.6373,60.0,9.5597,0,0,1,0.49987289996352047,105,222,1,58.3173,60.0,1.6827,0,0,1,0.2821448999457061,4,222,456
002,1,1,20260611,180806,213,3,1,65.7196,0.3813,60.0,5.7196,1,0,0,0.7672831000527367,105,222,1,50.4403,60.0,9.5597,0,0,1,0.4998728999635204,4,222,457
002,1,1,20260611,180811,214,3,1,66.9092,0.4606,60.0,6.9092,1,1,1,0.5500473000574857,106,223,1,65.7196,60.0,5.7196,1,0,0,0.7672831000527367,4,222,458
002,1,1,20260611,180813,215,3,1,53.0741,-0.4617,60.0,6.9259,0,1,0,0.24956180003937334,106,223,1,66.9092,60.0,6.9092,1,1,1,0.5500473000574857,4,222,459
002,1,1,20260611,180815,216,3,1,67.047,0.4698,60.0,7.047,1,1,1,0.38144399994052947,107,224,1,53.0741,60.0,6.9259,0,1,0,0.2495618000393733,4,222,460
002,1,1,20260611,180817,217,3,1,59.4769,-0.0349,60.0,0.5231,0,1,0,0.28384489996824414,107,224,1,67.047,60.0,7.047,1,1,1,0.3814439999405294,4,222,461
002,1,1,20260611,180820,218,3,1,53.8581,-0.4095,60.0,6.1419,0,1,0,0.3003253999631852,107,224,1,59.4769,60.0,0.5231,0,1,0,0.2838448999682441,4,222,462
002,1,1,20260611,180822,219,3,1,59.6186,-0.0254,60.0,0.3814,0,1,0,0.26523820008151233,107,224,1,53.8581,60.0,6.1419,0,1,0,0.3003253999631852,4,222,463
002,1,1,20260611,180824,220,3,1,59.0606,-0.0626,60.0,0.9394,0,1,0,0.384129700018093,107,224,1,59.6186,60.0,0.3814,0,1,0,0.2652382000815123,4,222,464
002,1,1,20260611,180826,221,3,1,64.4234,0.2949,60.0,4.4234,1,0,0,0.4330722000449896,107,224,1,59.0606,60.0,0.9394,0,1,0,0.384129700018093,4,222,465
002,1,1,20260611,180828,222,3,1,71.6591,0.7773,60.0,11.6591,1,1,1,0.3164934000233188,108,225,1,64.4234,60.0,4.4234,1,0,0,0.4330722000449896,4,222,466
002,1,1,20260611,180831,1,4,2,52.4846,-0.501,60.0,7.5154,0,0,1,0.4665867000585422,1,226,1,71.6591,60.0,11.6591,1,1,1,0.3164934000233188,4,164,467
002,1,1,20260611,180833,2,4,2,60.818,0.0545,60.0,0.818,1,0,0,0.29913310008123517,1,226,2,52.4846,60.0,7.5154,0,0,1,0.4665867000585422,4,164,468
002,1,1,20260611,180834,3,4,2,60.6171,0.0411,60.0,0.6171,1,1,1,0.3165242999093607,2,227,2,60.818,60.0,0.818,1,0,0,0.2991331000812351,4,164,469
002,1,1,20260611,180836,4,4,2,54.2462,-0.3836,60.0,5.7538,0,0,1,0.43117339990567416,3,228,2,60.6171,60.0,0.6171,1,1,1,0.3165242999093607,4,164,470
002,1,1,20260611,180839,5,4,2,61.1207,0.0747,60.0,1.1207,1,1,1,0.34894299996085465,4,229,2,54.2462,60.0,5.7538,0,0,1,0.4311733999056741,4,164,471
002,1,1,20260611,180841,6,4,2,50.5936,-0.6271,60.0,9.4064,0,0,1,0.3833487000083551,5,230,2,61.1207,60.0,1.1207,1,1,1,0.3489429999608546,4,164,472
002,1,1,20260611,180843,7,4,2,66.3925,0.4262,60.0,6.3925,1,0,0,0.41510400001425296,5,230,2,50.5936,60.0,9.4064,0,0,1,0.3833487000083551,4,164,473
002,1,1,20260611,180845,8,4,2,48.6239,-0.7584,60.0,11.3761,0,1,0,0.26683700003195554,5,230,2,66.3925,60.0,6.3925,1,0,0,0.4151040000142529,4,164,474
002,1,1,20260611,180847,9,4,2,63.8475,0.2565,60.0,3.8475,1,0,0,0.2507042000070214,5,230,2,48.6239,60.0,11.3761,0,1,0,0.2668370000319555,4,164,475
002,1,1,20260611,180848,10,4,2,64.321,0.2881,60.0,4.321,1,1,1,0.2327569000190124,6,231,2,63.8475,60.0,3.8475,1,0,0,0.2507042000070214,4,164,476
002,1,1,20260611,180850,11,4,2,69.3746,0.625,60.0,9.3746,1,1,1,0.48135740007273853,7,232,2,64.321,60.0,4.321,1,1,1,0.2327569000190124,4,164,477
002,1,1,20260611,180852,12,4,2,60.4615,0.0308,60.0,0.4615,1,1,1,0.4324650000780821,8,233,2,69.3746,60.0,9.3746,1,1,1,0.4813574000727385,4,164,478
002,1,1,20260611,180854,13,4,2,56.1653,-0.2556,60.0,3.8347,0,1,0,0.4529205000726506,8,233,2,60.4615,60.0,0.4615,1,1,1,0.4324650000780821,4,164,479
002,1,1,20260611,180856,14,4,2,51.8751,-0.5417,60.0,8.1249,0,1,0,0.40058539994060993,8,233,2,56.1653,60.0,3.8347,0,1,0,0.4529205000726506,4,164,480
002,1,1,20260611,180858,15,4,2,62.8173,0.1878,60.0,2.8173,1,1,1,0.3985178000293672,9,234,2,51.8751,60.0,8.1249,0,1,0,0.4005853999406099,4,164,481
002,1,1,20260611,180901,16,4,2,56.8732,-0.2085,60.0,3.1268,0,0,1,0.2656519999727607,10,235,2,62.8173,60.0,2.8173,1,1,1,0.3985178000293672,4,164,482
002,1,1,20260611,180902,17,4,2,46.5954,-0.8936,60.0,13.4046,0,1,0,0.3658252999885008,10,235,2,56.8732,60.0,3.1268,0,0,1,0.2656519999727607,4,164,483
002,1,1,20260611,180904,18,4,2,48.5589,-0.7627,60.0,11.4411,0,1,0,0.34982880007009953,10,235,2,46.5954,60.0,13.4046,0,1,0,0.3658252999885008,4,164,484
002,1,1,20260611,180906,19,4,2,62.4231,0.1615,60.0,2.4231,1,1,1,0.2996662000659853,11,236,2,48.5589,60.0,11.4411,0,1,0,0.3498288000700995,4,164,485
002,1,1,20260611,180908,20,4,2,50.1388,-0.6574,60.0,9.8612,0,1,0,0.2681011001113802,11,236,2,62.4231,60.0,2.4231,1,1,1,0.2996662000659853,4,164,486
002,1,1,20260611,180910,21,4,2,57.4386,-0.1708,60.0,2.5614,0,1,0,0.34895290003623813,11,236,2,50.1388,60.0,9.8612,0,1,0,0.2681011001113802,4,164,487
002,1,1,20260611,180912,22,4,2,51.7863,-0.5476,60.0,8.2137,0,0,1,0.2667469000443816,12,237,2,57.4386,60.0,2.5614,0,1,0,0.3489529000362381,4,164,488
002,1,1,20260611,180914,23,4,2,51.5663,-0.5622,60.0,8.4337,0,0,1,0.23155789996962994,13,238,2,51.7863,60.0,8.2137,0,0,1,0.2667469000443816,4,164,489
002,1,1,20260611,180915,24,4,2,52.7724,-0.4818,60.0,7.2276,0,0,1,0.3338841999648139,14,239,2,51.5663,60.0,8.4337,0,0,1,0.2315578999696299,4,164,490
002,1,1,20260611,180917,25,4,2,61.9605,0.1307,60.0,1.9605,1,0,0,0.3500259999418631,14,239,2,52.7724,60.0,7.2276,0,0,1,0.3338841999648139,4,164,491
002,1,1,20260611,180919,26,4,2,60.4507,0.03,60.0,0.4507,1,1,1,0.2858562999172136,15,240,2,61.9605,60.0,1.9605,1,0,0,0.3500259999418631,4,164,492
002,1,1,20260611,180921,27,4,2,49.8427,-0.6772,60.0,10.1573,0,1,0,0.2658509999746457,15,240,2,60.4507,60.0,0.4507,1,1,1,0.2858562999172136,4,164,493
002,1,1,20260611,180923,28,4,2,49.8509,-0.6766,60.0,10.1491,0,1,0,0.28134059999138117,15,240,2,49.8427,60.0,10.1573,0,1,0,0.2658509999746457,4,164,494
002,1,1,20260611,180925,29,4,2,66.5639,0.4376,60.0,6.5639,1,-1,-1,-1,15,240,2,49.8509,60.0,10.1491,0,1,0,0.2813405999913811,4,164,495
002,1,1,20260611,180934,30,4,2,59.1959,-0.0536,60.0,0.8041,0,1,0,1.0827050000661984,15,240,2,66.5639,60.0,6.5639,1,-1,-1,-1.0,4,164,496
002,1,1,20260611,180937,31,4,2,56.6933,-0.2204,60.0,3.3067,0,1,0,0.3992429000791162,15,240,2,59.1959,60.0,0.8041,0,1,0,1.0827050000661984,4,164,497
002,1,1,20260611,180939,32,4,2,62.8058,0.1871,60.0,2.8058,1,0,0,0.2650373000651598,15,240,2,56.6933,60.0,3.3067,0,1,0,0.3992429000791162,4,164,498
002,1,1,20260611,180943,33,4,2,60.8514,0.0568,60.0,0.8514,1,-1,-1,-1,15,240,2,62.8058,60.0,2.8058,1,0,0,0.2650373000651598,4,164,499
002,1,1,20260611,180952,34,4,2,66.1704,0.4114,60.0,6.1704,1,-1,-1,-1,15,240,2,60.8514,60.0,0.8514,1,-1,-1,-1.0,4,164,500
002,1,1,20260611,181001,35,4,2,48.1575,-0.7895,60.0,11.8425,0,-1,-1,-1,15,240,2,66.1704,60.0,6.1704,1,-1,-1,-1.0,4,164,501
002,1,1,20260611,181020,36,4,2,66.4527,0.4302,60.0,6.4527,1,0,0,0.5144951000111178,15,240,2,48.1575,60.0,11.8425,0,-1,-1,-1.0,4,164,502
002,1,1,20260611,181022,37,4,2,51.4601,-0.5693,60.0,8.5399,0,0,1,0.3329698999878019,16,241,2,66.4527,60.0,6.4527,1,0,0,0.5144951000111178,4,164,503
002,1,1,20260611,181025,38,4,2,45.3478,-0.9768,60.0,14.6522,0,1,0,0.4664762000320479,16,241,2,51.4601,60.0,8.5399,0,0,1,0.3329698999878019,4,164,504
002,1,1,20260611,181027,39,4,2,53.8406,-0.4106,60.0,6.1594,0,0,1,0.3503867000108585,17,242,2,45.3478,60.0,14.6522,0,1,0,0.4664762000320479,4,164,505
002,1,1,20260611,181029,40,4,2,58.6582,-0.0895,60.0,1.3418,0,1,0,0.3011002999264747,17,242,2,53.8406,60.0,6.1594,0,0,1,0.3503867000108585,4,164,506
002,1,1,20260611,181034,41,4,2,66.664,0.4443,60.0,6.664,1,-1,-1,-1,17,242,2,58.6582,60.0,1.3418,0,1,0,0.3011002999264747,4,164,507
002,1,1,20260611,181042,42,4,2,61.4619,0.0975,60.0,1.4619,1,1,1,0.365691400016658,18,243,2,66.664,60.0,6.664,1,-1,-1,-1.0,4,164,508
002,1,1,20260611,181044,43,4,2,52.626,-0.4916,60.0,7.374,0,0,1,0.24892839998938143,19,244,2,61.4619,60.0,1.4619,1,1,1,0.365691400016658,4,164,509
002,1,1,20260611,181046,44,4,2,63.0502,0.2033,60.0,3.0502,1,1,1,0.2655157999834046,20,245,2,52.626,60.0,7.374,0,0,1,0.2489283999893814,4,164,510
002,1,1,20260611,181048,45,4,2,56.3569,-0.2429,60.0,3.6431,0,1,0,0.2674608000088483,20,245,2,63.0502,60.0,3.0502,1,1,1,0.2655157999834046,4,164,511
002,1,1,20260611,181050,46,4,2,48.5889,-0.7607,60.0,11.4111,0,1,0,0.26842239999677986,20,245,2,56.3569,60.0,3.6431,0,1,0,0.2674608000088483,4,164,512
002,1,1,20260611,181052,47,4,2,54.0898,-0.394,60.0,5.9102,0,0,1,0.23190779995638877,21,246,2,48.5889,60.0,11.4111,0,1,0,0.2684223999967798,4,164,513
002,1,1,20260611,181055,48,4,2,45.9345,-0.9377,60.0,14.0655,0,0,1,0.23397219995968044,22,247,2,54.0898,60.0,5.9102,0,0,1,0.2319077999563887,4,164,514
002,1,1,20260611,181057,49,4,2,46.0254,-0.9316,60.0,13.9746,0,1,0,0.2837512999540195,22,247,2,45.9345,60.0,14.0655,0,0,1,0.2339721999596804,4,164,515
002,1,1,20260611,181059,50,4,2,61.637,0.1091,60.0,1.637,1,1,1,0.39817379997111857,23,248,2,46.0254,60.0,13.9746,0,1,0,0.2837512999540195,4,164,516
002,1,1,20260611,181101,51,4,2,60.7316,0.0488,60.0,0.7316,1,1,1,0.4488228999543935,24,249,2,61.637,60.0,1.637,1,1,1,0.3981737999711185,4,164,517
002,1,1,20260611,181103,52,4,2,51.5799,-0.5613,60.0,8.4201,0,1,0,0.41681130009237677,24,249,2,60.7316,60.0,0.7316,1,1,1,0.4488228999543935,4,164,518
002,1,1,20260611,181105,53,4,2,56.8912,-0.2073,60.0,3.1088,0,0,1,0.4631711000110954,25,250,2,51.5799,60.0,8.4201,0,1,0,0.4168113000923767,4,164,519
002,1,1,20260611,181108,54,4,2,61.4288,0.0953,60.0,1.4288,1,0,0,0.36578660004306585,25,250,2,56.8912,60.0,3.1088,0,0,1,0.4631711000110954,4,164,520
002,1,1,20260611,181110,55,4,2,47.9697,-0.802,60.0,12.0303,0,0,1,0.3981772999977693,26,251,2,61.4288,60.0,1.4288,1,0,0,0.3657866000430658,4,164,521
002,1,1,20260611,181112,56,4,2,60.5489,0.0366,60.0,0.5489,1,1,1,0.29827489994931966,27,252,2,47.9697,60.0,12.0303,0,0,1,0.3981772999977693,4,164,522
002,1,1,20260611,181114,57,4,2,53.6184,-0.4254,60.0,6.3816,0,0,1,0.28296639991458505,28,253,2,60.5489,60.0,0.5489,1,1,1,0.2982748999493196,4,164,523
002,1,1,20260611,181116,58,4,2,59.0351,-0.0643,60.0,0.9649,0,1,0,0.24891880003269762,28,253,2,53.6184,60.0,6.3816,0,0,1,0.282966399914585,4,164,524
002,1,1,20260611,181118,59,4,2,54.787,-0.3475,60.0,5.213,0,1,0,0.24906339996960014,28,253,2,59.0351,60.0,0.9649,0,1,0,0.2489188000326976,4,164,525
002,1,1,20260611,181120,60,4,2,62.5689,0.1713,60.0,2.5689,1,0,0,0.781245099962689,28,253,2,54.787,60.0,5.213,0,1,0,0.2490633999696001,4,164,526
002,1,1,20260611,181122,61,4,2,50.5288,-0.6314,60.0,9.4712,0,0,1,0.749249399988912,29,254,2,62.5689,60.0,2.5689,1,0,0,0.781245099962689,4,164,527
002,1,1,20260611,181124,62,4,2,63.8377,0.2558,60.0,3.8377,1,1,1,0.9319127999478951,30,255,2,50.5288,60.0,9.4712,0,0,1,0.749249399988912,4,164,528
002,1,1,20260611,181127,63,4,2,66.6666,0.4444,60.0,6.6666,1,1,1,0.5669330999953672,31,256,2,63.8377,60.0,3.8377,1,1,1,0.9319127999478952,4,164,529
002,1,1,20260611,181129,64,4,2,48.9547,-0.7364,60.0,11.0453,0,0,1,0.7173113999888301,32,257,2,66.6666,60.0,6.6666,1,1,1,0.5669330999953672,4,164,530
002,1,1,20260611,181134,65,4,2,48.5126,-0.7658,60.0,11.4874,0,-1,-1,-1,32,257,2,48.9547,60.0,11.0453,0,0,1,0.7173113999888301,4,164,531
002,1,1,20260611,181143,66,4,2,62.6637,0.1776,60.0,2.6637,1,-1,-1,-1,32,257,2,48.5126,60.0,11.4874,0,-1,-1,-1.0,4,164,532
002,1,1,20260611,181152,67,4,2,55.3899,-0.3073,60.0,4.6101,0,-1,-1,-1,32,257,2,62.6637,60.0,2.6637,1,-1,-1,-1.0,4,164,533
002,1,1,20260611,181238,68,4,2,61.5623,0.1042,60.0,1.5623,1,1,1,0.6155698000220582,33,258,2,55.3899,60.0,4.6101,0,-1,-1,-1.0,4,164,534
002,1,1,20260611,181241,69,4,2,48.4658,-0.7689,60.0,11.5342,0,0,1,0.41375200008042157,34,259,2,61.5623,60.0,1.5623,1,1,1,0.6155698000220582,4,164,535
002,1,1,20260611,181339,70,4,2,48.14,-0.7907,60.0,11.86,0,-1,-1,-1,34,259,2,48.4658,60.0,11.5342,0,0,1,0.4137520000804215,4,164,536
002,1,1,20260611,181348,71,4,2,60.7495,0.05,60.0,0.7495,1,0,0,1.6185065999161452,34,259,2,48.14,60.0,11.86,0,-1,-1,-1.0,4,164,537
002,1,1,20260611,181353,72,4,2,60.9041,0.0603,60.0,0.9041,1,0,0,2.516060800058767,34,259,2,60.7495,60.0,0.7495,1,0,0,1.6185065999161452,4,164,538
002,1,1,20260611,181400,73,4,2,53.4985,-0.4334,60.0,6.5015,0,-1,-1,-1,34,259,2,60.9041,60.0,0.9041,1,0,0,2.516060800058767,4,164,539
002,1,1,20260611,181409,74,4,2,74.4648,0.9643,60.0,14.4648,1,0,0,0.7666357000125572,34,259,2,53.4985,60.0,6.5015,0,-1,-1,-1.0,4,164,540
002,1,1,20260611,181412,75,4,2,68.7781,0.5852,60.0,8.7781,1,1,1,0.716532799997367,35,260,2,74.4648,60.0,14.4648,1,0,0,0.7666357000125572,4,164,541
002,1,1,20260611,181414,76,4,2,63.3033,0.2202,60.0,3.3033,1,1,1,0.8149450999917462,36,261,2,68.7781,60.0,8.7781,1,1,1,0.716532799997367,4,164,542
002,1,1,20260611,181419,77,4,2,59.8745,-0.0084,60.0,0.1255,0,0,1,0.5326813000719994,37,262,2,63.3033,60.0,3.3033,1,1,1,0.8149450999917462,4,164,543
002,1,1,20260611,181424,78,4,2,60.3579,0.0239,60.0,0.3579,1,-1,-1,-1,37,262,2,59.8745,60.0,0.1255,0,0,1,0.5326813000719994,4,164,544
002,1,1,20260611,181433,79,4,2,62.9954,0.1997,60.0,2.9954,1,-1,-1,-1,37,262,2,60.3579,60.0,0.3579,1,-1,-1,-1.0,4,164,545
002,1,1,20260611,181440,80,4,2,64.5589,0.3039,60.0,4.5589,1,1,1,0.36616520001553,38,263,2,62.9954,60.0,2.9954,1,-1,-1,-1.0,4,164,546
002,1,1,20260611,181442,81,4,2,47.6067,-0.8262,60.0,12.3933,0,1,0,0.26644939999096096,38,263,2,64.5589,60.0,4.5589,1,1,1,0.36616520001553,4,164,547
002,1,1,20260611,181447,82,4,2,68.2048,0.547,60.0,8.2048,1,0,0,0.6307951000053436,38,263,2,47.6067,60.0,12.3933,0,1,0,0.2664493999909609,4,164,548
002,1,1,20260611,181450,83,4,2,64.6965,0.3131,60.0,4.6965,1,0,0,0.24857980001252145,38,263,2,68.2048,60.0,8.2048,1,0,0,0.6307951000053436,4,164,549
002,1,1,20260611,181452,84,4,2,64.5415,0.3028,60.0,4.5415,1,1,1,0.3322546000126749,39,264,2,64.6965,60.0,4.6965,1,0,0,0.2485798000125214,4,164,550
002,1,1,20260611,181454,85,4,2,52.1152,-0.5257,60.0,7.8848,0,0,1,0.24879940005484968,40,265,2,64.5415,60.0,4.5415,1,1,1,0.3322546000126749,4,164,551
002,1,1,20260611,181456,86,4,2,51.092,-0.5939,60.0,8.908,0,1,0,0.24839259998407215,40,265,2,52.1152,60.0,7.8848,0,0,1,0.2487994000548496,4,164,552
002,1,1,20260611,181458,87,4,2,46.5387,-0.8974,60.0,13.4613,0,0,1,0.2168091000057757,41,266,2,51.092,60.0,8.908,0,1,0,0.2483925999840721,4,164,553
002,1,1,20260611,181500,88,4,2,62.8596,0.1906,60.0,2.8596,1,1,1,0.2659523000475019,42,267,2,46.5387,60.0,13.4613,0,0,1,0.2168091000057757,4,164,554
002,1,1,20260611,181502,89,4,2,57.2108,-0.1859,60.0,2.7892,0,1,0,0.2311593999620527,42,267,2,62.8596,60.0,2.8596,1,1,1,0.2659523000475019,4,164,555
002,1,1,20260611,181504,90,4,2,55.8227,-0.2785,60.0,4.1773,0,1,0,0.3018535999581218,42,267,2,57.2108,60.0,2.7892,0,1,0,0.2311593999620527,4,164,556
002,1,1,20260611,181506,91,4,2,66.6233,0.4416,60.0,6.6233,1,0,0,0.5660381000488997,42,267,2,55.8227,60.0,4.1773,0,1,0,0.3018535999581218,4,164,557
002,1,1,20260611,181509,92,4,2,61.9858,0.1324,60.0,1.9858,1,-1,-1,-1,42,267,2,66.6233,60.0,6.6233,1,0,0,0.5660381000488997,4,164,558
002,1,1,20260611,181516,93,4,2,68.6728,0.5782,60.0,8.6728,1,1,1,4.935456500039436,43,268,2,61.9858,60.0,1.9858,1,-1,-1,-1.0,4,164,559
002,1,1,20260611,181523,94,4,2,52.3658,-0.5089,60.0,7.6342,0,1,0,0.6840692000696436,43,268,2,68.6728,60.0,8.6728,1,1,1,4.935456500039436,4,164,560
002,1,1,20260611,181525,95,4,2,46.4636,-0.9024,60.0,13.5364,0,0,1,0.8163531000027433,44,269,2,52.3658,60.0,7.6342,0,1,0,0.6840692000696436,4,164,561
002,1,1,20260611,181527,96,4,2,52.3366,-0.5109,60.0,7.6634,0,0,1,0.34834760008379817,45,270,2,46.4636,60.0,13.5364,0,0,1,0.8163531000027433,4,164,562
002,1,1,20260611,181529,97,4,2,70.5002,0.7,60.0,10.5002,1,0,0,0.31514129997231066,45,270,2,52.3366,60.0,7.6634,0,0,1,0.3483476000837981,4,164,563
002,1,1,20260611,181531,98,4,2,53.5314,-0.4312,60.0,6.4686,0,0,1,0.36742629995569587,46,271,2,70.5002,60.0,10.5002,1,0,0,0.3151412999723106,4,164,564
002,1,1,20260611,181533,99,4,2,59.2014,-0.0532,60.0,0.7986,0,1,0,0.2500733999768272,46,271,2,53.5314,60.0,6.4686,0,0,1,0.3674262999556958,4,164,565
002,1,1,20260611,181535,100,4,2,46.9342,-0.8711,60.0,13.0658,0,0,1,0.28112749999854714,47,272,2,59.2014,60.0,0.7986,0,1,0,0.2500733999768272,4,164,566
002,1,1,20260611,181537,101,4,2,54.2622,-0.3825,60.0,5.7378,0,1,0,0.26248389994725585,47,272,2,46.9342,60.0,13.0658,0,0,1,0.2811274999985471,4,164,567
002,1,1,20260611,181539,102,4,2,51.3205,-0.5786,60.0,8.6795,0,0,1,0.3672491000033915,48,273,2,54.2622,60.0,5.7378,0,1,0,0.2624838999472558,4,164,568
002,1,1,20260611,181541,103,4,2,54.0103,-0.3993,60.0,5.9897,0,0,1,0.3325579999946058,49,274,2,51.3205,60.0,8.6795,0,0,1,0.3672491000033915,4,164,569
002,1,1,20260611,181543,104,4,2,50.1204,-0.6586,60.0,9.8796,0,0,1,0.28236340009607375,50,275,2,54.0103,60.0,5.9897,0,0,1,0.3325579999946058,4,164,570
002,1,1,20260611,181545,105,4,2,59.1393,-0.0574,60.0,0.8607,0,1,0,0.21581249998416752,50,275,2,50.1204,60.0,9.8796,0,0,1,0.2823634000960737,4,164,571
002,1,1,20260611,181547,106,4,2,51.1045,-0.593,60.0,8.8955,0,0,1,0.316672999993898,51,276,2,59.1393,60.0,0.8607,0,1,0,0.2158124999841675,4,164,572
002,1,1,20260611,181548,107,4,2,51.0299,-0.598,60.0,8.9701,0,1,0,0.4329591999994591,51,276,2,51.1045,60.0,8.8955,0,0,1,0.316672999993898,4,164,573
002,1,1,20260611,181551,108,4,2,56.1107,-0.2593,60.0,3.8893,0,1,0,0.31632370001170784,51,276,2,51.0299,60.0,8.9701,0,1,0,0.4329591999994591,4,164,574
002,1,1,20260611,181553,109,4,2,63.557,0.2371,60.0,3.557,1,1,1,0.46733249991666526,52,277,2,56.1107,60.0,3.8893,0,1,0,0.3163237000117078,4,164,575
002,1,1,20260611,181555,110,4,2,49.0181,-0.7321,60.0,10.9819,0,1,0,0.4014891000697389,52,277,2,63.557,60.0,3.557,1,1,1,0.4673324999166652,4,164,576
002,1,1,20260611,181557,111,4,2,50.9623,-0.6025,60.0,9.0377,0,1,0,0.2822557999752462,52,277,2,49.0181,60.0,10.9819,0,1,0,0.4014891000697389,4,164,577
002,1,1,20260611,181558,112,4,2,55.0639,-0.3291,60.0,4.9361,0,1,0,0.21725029998924583,52,277,2,50.9623,60.0,9.0377,0,1,0,0.2822557999752462,4,164,578
002,1,1,20260611,181600,113,4,2,65.6957,0.3797,60.0,5.6957,1,1,1,0.24855849996674806,53,278,2,55.0639,60.0,4.9361,0,1,0,0.2172502999892458,4,164,579
002,1,1,20260611,181602,114,4,2,50.7382,-0.6175,60.0,9.2618,0,1,0,0.2667978999670595,53,278,2,65.6957,60.0,5.6957,1,1,1,0.248558499966748,4,164,580
002,1,1,20260611,181608,115,4,2,66.7519,0.4501,60.0,6.7519,1,0,0,0.3817773999180645,53,278,2,50.7382,60.0,9.2618,0,1,0,0.2667978999670595,4,164,581
002,1,1,20260611,181610,116,4,2,68.3738,0.5583,60.0,8.3738,1,1,1,0.30059200001414865,54,279,2,66.7519,60.0,6.7519,1,0,0,0.3817773999180645,4,164,582
002,1,1,20260611,181611,117,4,2,64.1111,0.2741,60.0,4.1111,1,1,1,0.282353000016883,55,280,2,68.3738,60.0,8.3738,1,1,1,0.3005920000141486,4,164,583
002,1,1,20260611,181613,118,4,2,62.4121,0.1608,60.0,2.4121,1,0,0,0.2659869999624789,55,280,2,64.1111,60.0,4.1111,1,1,1,0.282353000016883,4,164,584
002,1,1,20260611,181615,119,4,2,61.7863,0.1191,60.0,1.7863,1,0,0,0.28231040004175156,55,280,2,62.4121,60.0,2.4121,1,0,0,0.2659869999624789,4,164,585
002,1,1,20260611,181617,120,4,2,62.8779,0.1919,60.0,2.8779,1,0,0,0.2503731999313459,55,280,2,61.7863,60.0,1.7863,1,0,0,0.2823104000417515,4,164,586
002,1,1,20260611,181619,121,4,2,46.6998,-0.8867,60.0,13.3002,0,0,1,0.28012619994115084,56,281,2,62.8779,60.0,2.8779,1,0,0,0.2503731999313459,4,164,587
002,1,1,20260611,181621,122,4,2,49.0219,-0.7319,60.0,10.9781,0,0,1,0.2999190000118688,57,282,2,46.6998,60.0,13.3002,0,0,1,0.2801261999411508,4,164,588
002,1,1,20260611,181622,123,4,2,56.5213,-0.2319,60.0,3.4787,0,0,1,0.2523856000043452,58,283,2,49.0219,60.0,10.9781,0,0,1,0.2999190000118688,4,164,589
002,1,1,20260611,181624,124,4,2,53.0893,-0.4607,60.0,6.9107,0,0,1,0.2995935999788344,59,284,2,56.5213,60.0,3.4787,0,0,1,0.2523856000043452,4,164,590
002,1,1,20260611,181626,125,4,2,53.7051,-0.4197,60.0,6.2949,0,1,0,0.3324113000417128,59,284,2,53.0893,60.0,6.9107,0,0,1,0.2995935999788344,4,164,591
002,1,1,20260611,181628,126,4,2,50.6145,-0.6257,60.0,9.3855,0,1,0,0.2823816000018269,59,284,2,53.7051,60.0,6.2949,0,1,0,0.3324113000417128,4,164,592
002,1,1,20260611,181630,127,4,2,63.0547,0.2036,60.0,3.0547,1,1,1,0.41707269998732954,60,285,2,50.6145,60.0,9.3855,0,1,0,0.2823816000018269,4,164,593
002,1,1,20260611,181632,128,4,2,60.9674,0.0645,60.0,0.9674,1,1,1,0.28234189993236214,61,286,2,63.0547,60.0,3.0547,1,1,1,0.4170726999873295,4,164,594
002,1,1,20260611,181634,129,4,2,46.8503,-0.8766,60.0,13.1497,0,0,1,0.29883159999735653,62,287,2,60.9674,60.0,0.9674,1,1,1,0.2823418999323621,4,164,595
002,1,1,20260611,181636,130,4,2,67.9275,0.5285,60.0,7.9275,1,1,1,0.39794549997895956,63,288,2,46.8503,60.0,13.1497,0,0,1,0.2988315999973565,4,164,596
002,1,1,20260611,181638,131,4,2,62.0973,0.1398,60.0,2.0973,1,0,0,0.24918949999846518,63,288,2,67.9275,60.0,7.9275,1,1,1,0.3979454999789595,4,164,597
002,1,1,20260611,181639,132,4,2,63.7001,0.2467,60.0,3.7001,1,0,0,0.26726430002599955,63,288,2,62.0973,60.0,2.0973,1,0,0,0.2491894999984651,4,164,598
002,1,1,20260611,181641,133,4,2,64.6782,0.3119,60.0,4.6782,1,0,0,0.4136172999860719,63,288,2,63.7001,60.0,3.7001,1,0,0,0.2672643000259995,4,164,599
002,1,1,20260611,181643,134,4,2,49.6348,-0.691,60.0,10.3652,0,1,0,0.2820316000143066,63,288,2,64.6782,60.0,4.6782,1,0,0,0.4136172999860719,4,164,600
002,1,1,20260611,181645,135,4,2,50.7475,-0.6168,60.0,9.2525,0,0,1,0.36516520008444786,64,289,2,49.6348,60.0,10.3652,0,1,0,0.2820316000143066,4,164,601
002,1,1,20260611,181647,136,4,2,60.8704,0.058,60.0,0.8704,1,1,1,0.29847789998166263,65,290,2,50.7475,60.0,9.2525,0,0,1,0.3651652000844478,4,164,602
002,1,1,20260611,181649,137,4,2,59.4471,-0.0369,60.0,0.5529,0,1,0,0.3841846000868827,65,290,2,60.8704,60.0,0.8704,1,1,1,0.2984778999816626,4,164,603
002,1,1,20260611,181651,138,4,2,47.4149,-0.839,60.0,12.5851,0,1,0,0.3372600000584498,65,290,2,59.4471,60.0,0.5529,0,1,0,0.3841846000868827,4,164,604
002,1,1,20260611,181653,139,4,2,71.005,0.7337,60.0,11.005,1,0,0,0.4158550000283867,65,290,2,47.4149,60.0,12.5851,0,1,0,0.3372600000584498,4,164,605
002,1,1,20260611,181654,140,4,2,62.4864,0.1658,60.0,2.4864,1,0,0,0.548699599923566,65,290,2,71.005,60.0,11.005,1,0,0,0.4158550000283867,4,164,606
002,1,1,20260611,181656,141,4,2,67.1934,0.4796,60.0,7.1934,1,0,0,0.3346214999910444,65,290,2,62.4864,60.0,2.4864,1,0,0,0.548699599923566,4,164,607
002,1,1,20260611,181658,142,4,2,65.3355,0.3557,60.0,5.3355,1,0,0,0.4328293999424204,65,290,2,67.1934,60.0,7.1934,1,0,0,0.3346214999910444,4,164,608
002,1,1,20260611,181700,143,4,2,53.2113,-0.4526,60.0,6.7887,0,1,0,0.40144180005881935,65,290,2,65.3355,60.0,5.3355,1,0,0,0.4328293999424204,4,164,609
002,1,1,20260611,181702,144,4,2,50.4771,-0.6349,60.0,9.5229,0,1,0,0.3339700000360608,65,290,2,53.2113,60.0,6.7887,0,1,0,0.4014418000588193,4,164,610
002,1,1,20260611,181705,145,4,2,49.7567,-0.6829,60.0,10.2433,0,0,1,0.2491625000257045,66,291,2,50.4771,60.0,9.5229,0,1,0,0.3339700000360608,4,164,611
002,1,1,20260611,181706,146,4,2,60.897,0.0598,60.0,0.897,1,1,1,0.249498900026083,67,292,2,49.7567,60.0,10.2433,0,0,1,0.2491625000257045,4,164,612
002,1,1,20260611,181708,147,4,2,57.5263,-0.1649,60.0,2.4737,0,1,0,0.2989292999263853,67,292,2,60.897,60.0,0.897,1,1,1,0.249498900026083,4,164,613
002,1,1,20260611,181710,148,4,2,61.9568,0.1305,60.0,1.9568,1,1,1,0.249870500061661,68,293,2,57.5263,60.0,2.4737,0,1,0,0.2989292999263853,4,164,614
002,1,1,20260611,181712,149,4,2,59.9503,-0.0033,60.0,0.0497,0,1,0,0.3524957000045106,68,293,2,61.9568,60.0,1.9568,1,1,1,0.249870500061661,4,164,615
002,1,1,20260611,181714,150,4,2,52.794,-0.4804,60.0,7.206,0,1,0,0.2341678999364376,68,293,2,59.9503,60.0,0.0497,0,1,0,0.3524957000045106,4,164,616
002,1,1,20260611,181715,151,4,2,55.1068,-0.3262,60.0,4.8932,0,0,1,0.2995877000503242,69,294,2,52.794,60.0,7.206,0,1,0,0.2341678999364376,4,164,617
002,1,1,20260611,181717,152,4,2,62.0816,0.1388,60.0,2.0816,1,1,1,0.2823905000695959,70,295,2,55.1068,60.0,4.8932,0,0,1,0.2995877000503242,4,164,618
002,1,1,20260611,181719,153,4,2,45.8798,-0.9413,60.0,14.1202,0,1,0,0.330658599967137,70,295,2,62.0816,60.0,2.0816,1,1,1,0.2823905000695959,4,164,619
002,1,1,20260611,181721,154,4,2,47.6167,-0.8256,60.0,12.3833,0,0,1,0.29724380001425743,71,296,2,45.8798,60.0,14.1202,0,1,0,0.330658599967137,4,164,620
002,1,1,20260611,181723,155,4,2,58.7437,-0.0838,60.0,1.2563,0,1,0,0.2332486999221146,71,296,2,47.6167,60.0,12.3833,0,0,1,0.2972438000142574,4,164,621
002,1,1,20260611,181725,156,4,2,50.4425,-0.6372,60.0,9.5575,0,0,1,0.3482985000591725,72,297,2,58.7437,60.0,1.2563,0,1,0,0.2332486999221146,4,164,622
002,1,1,20260611,181726,157,4,2,64.6173,0.3078,60.0,4.6173,1,0,0,0.34738119994290173,72,297,2,50.4425,60.0,9.5575,0,0,1,0.3482985000591725,4,164,623
002,1,1,20260611,181728,158,4,2,48.0565,-0.7962,60.0,11.9435,0,0,1,0.24882009997963905,73,298,2,64.6173,60.0,4.6173,1,0,0,0.3473811999429017,4,164,624
002,1,1,20260611,181730,159,4,2,60.8912,0.0594,60.0,0.8912,1,0,0,0.38156859995797276,73,298,2,48.0565,60.0,11.9435,0,0,1,0.248820099979639,4,164,625
002,1,1,20260611,181732,160,4,2,54.6474,-0.3568,60.0,5.3526,0,0,1,0.2660369999939576,74,299,2,60.8912,60.0,0.8912,1,0,0,0.3815685999579727,4,164,626
002,1,1,20260611,181734,161,4,2,59.3244,-0.045,60.0,0.6756,0,0,1,0.7145647000288591,75,300,2,54.6474,60.0,5.3526,0,0,1,0.2660369999939576,4,164,627
002,1,1,20260611,181736,162,4,2,74.3211,0.9547,60.0,14.3211,1,1,1,0.3803978000069037,76,301,2,59.3244,60.0,0.6756,0,0,1,0.7145647000288591,4,164,628
002,1,1,20260611,181738,163,4,2,61.0004,0.0667,60.0,1.0004,1,1,1,0.39865850005298853,77,302,2,74.3211,60.0,14.3211,1,1,1,0.3803978000069037,4,164,629
002,1,1,20260611,181740,164,4,2,48.9581,-0.7361,60.0,11.0419,0,1,0,0.3479181000730023,77,302,2,61.0004,60.0,1.0004,1,1,1,0.3986585000529885,4,164,630
002,1,2,20260611,182520,1,1,1,73.5906,0.906,60.0,13.5906,1,1,1,1.0204968000762165,1,1,---,---,---,---,---,---,---,---,3,247,1
002,1,2,20260611,182523,2,1,1,68.3749,0.5583,60.0,8.3749,1,0,0,0.6821487999986857,1,1,1,73.5906,60.0,13.5906,1,1,1,1.0204968000762165,3,247,2
002,1,2,20260611,182526,3,1,1,52.2532,-0.5165,60.0,7.7468,0,1,0,0.8811341999098659,1,1,1,68.3749,60.0,8.3749,1,0,0,0.6821487999986857,3,247,3
002,1,2,20260611,182529,4,1,1,57.5229,-0.1651,60.0,2.4771,0,0,1,0.5653483000351116,2,2,1,52.2532,60.0,7.7468,0,1,0,0.8811341999098659,3,247,4
002,1,2,20260611,182531,5,1,1,51.7223,-0.5518,60.0,8.2777,0,0,1,0.5497542999219149,3,3,1,57.5229,60.0,2.4771,0,0,1,0.5653483000351116,3,247,5
002,1,2,20260611,182533,6,1,1,69.6223,0.6415,60.0,9.6223,1,0,0,0.8500253000529483,3,3,1,51.7223,60.0,8.2777,0,0,1,0.5497542999219149,3,247,6
002,1,2,20260611,182536,7,1,1,68.7823,0.5855,60.0,8.7823,1,0,0,0.4302241000114009,3,3,1,69.6223,60.0,9.6223,1,0,0,0.8500253000529483,3,247,7
002,1,2,20260611,182538,8,1,1,60.4399,0.0293,60.0,0.4399,1,1,1,0.46508080000057817,4,4,1,68.7823,60.0,8.7823,1,0,0,0.4302241000114009,3,247,8
002,1,2,20260611,182540,9,1,1,53.3576,-0.4428,60.0,6.6424,0,0,1,0.3172175999497995,5,5,1,60.4399,60.0,0.4399,1,1,1,0.4650808000005781,3,247,9
002,1,2,20260611,182542,10,1,1,61.1258,0.0751,60.0,1.1258,1,1,1,0.3993333999533206,6,6,1,53.3576,60.0,6.6424,0,0,1,0.3172175999497995,3,247,10
002,1,2,20260611,182544,11,1,1,72.1142,0.8076,60.0,12.1142,1,0,0,0.36540060001425445,6,6,1,61.1258,60.0,1.1258,1,1,1,0.3993333999533206,3,247,11
002,1,2,20260611,182546,12,1,1,60.7939,0.0529,60.0,0.7939,1,1,1,0.48335420002695173,7,7,1,72.1142,60.0,12.1142,1,0,0,0.3654006000142544,3,247,12
002,1,2,20260611,182549,13,1,1,53.6323,-0.4245,60.0,6.3677,0,1,0,0.2828998001059517,7,7,1,60.7939,60.0,0.7939,1,1,1,0.4833542000269517,3,247,13
002,1,2,20260611,182551,14,1,1,70.2146,0.681,60.0,10.2146,1,0,0,0.3155881999991834,7,7,1,53.6323,60.0,6.3677,0,1,0,0.2828998001059517,3,247,14
002,1,2,20260611,182553,15,1,1,49.0346,-0.731,60.0,10.9654,0,0,1,0.26480859995353967,8,8,1,70.2146,60.0,10.2146,1,0,0,0.3155881999991834,3,247,15
002,1,2,20260611,182557,16,1,1,70.7492,0.7166,60.0,10.7492,1,1,1,0.4523698999546468,9,9,1,49.0346,60.0,10.9654,0,0,1,0.2648085999535396,3,247,16
002,1,2,20260611,182600,17,1,1,64.9997,0.3333,60.0,4.9997,1,0,0,0.4149324999889359,9,9,1,70.7492,60.0,10.7492,1,1,1,0.4523698999546468,3,247,17
002,1,2,20260611,182602,18,1,1,67.6228,0.5082,60.0,7.6228,1,0,0,0.24959559994749725,9,9,1,64.9997,60.0,4.9997,1,0,0,0.4149324999889359,3,247,18
002,1,2,20260611,182603,19,1,1,73.2403,0.8827,60.0,13.2403,1,0,0,0.5178969000698999,9,9,1,67.6228,60.0,7.6228,1,0,0,0.2495955999474972,3,247,19
002,1,2,20260611,182606,20,1,1,52.868,-0.4755,60.0,7.132,0,0,1,0.2661492000333965,10,10,1,73.2403,60.0,13.2403,1,0,0,0.5178969000698999,3,247,20
002,1,2,20260611,182607,21,1,1,58.6072,-0.0929,60.0,1.3928,0,1,0,0.2821722999215126,10,10,1,52.868,60.0,7.132,0,0,1,0.2661492000333965,3,247,21
002,1,2,20260611,182609,22,1,1,56.0232,-0.2651,60.0,3.9768,0,1,0,0.3004369999980554,10,10,1,58.6072,60.0,1.3928,0,1,0,0.2821722999215126,3,247,22
002,1,2,20260611,182611,23,1,1,63.7791,0.2519,60.0,3.7791,1,0,0,0.25006190000567585,10,10,1,56.0232,60.0,3.9768,0,1,0,0.3004369999980554,3,247,23
002,1,2,20260611,182613,24,1,1,61.9413,0.1294,60.0,1.9413,1,1,1,0.3148269000230357,11,11,1,63.7791,60.0,3.7791,1,0,0,0.2500619000056758,3,247,24
002,1,2,20260611,182615,25,1,1,59.2952,-0.047,60.0,0.7048,0,1,0,0.3992420999566093,11,11,1,61.9413,60.0,1.9413,1,1,1,0.3148269000230357,3,247,25
002,1,2,20260611,182617,26,1,1,49.9749,-0.6683,60.0,10.0251,0,0,1,0.39847400004509836,12,12,1,59.2952,60.0,0.7048,0,1,0,0.3992420999566093,3,247,26
002,1,2,20260611,182619,27,1,1,54.0027,-0.3998,60.0,5.9973,0,1,0,0.26717550004832447,12,12,1,49.9749,60.0,10.0251,0,0,1,0.3984740000450983,3,247,27
002,1,2,20260611,182621,28,1,1,57.368,-0.1755,60.0,2.632,0,1,0,0.2992804000386968,12,12,1,54.0027,60.0,5.9973,0,1,0,0.2671755000483244,3,247,28
002,1,2,20260611,182623,29,1,1,67.1235,0.4749,60.0,7.1235,1,1,1,0.2328876000829041,13,13,1,57.368,60.0,2.632,0,1,0,0.2992804000386968,3,247,29
002,1,2,20260611,182625,30,1,1,54.9785,-0.3348,60.0,5.0215,0,0,1,0.3318102000048384,14,14,1,67.1235,60.0,7.1235,1,1,1,0.2328876000829041,3,247,30
002,1,2,20260611,182627,31,1,1,61.1792,0.0786,60.0,1.1792,1,0,0,0.28372900001704693,14,14,1,54.9785,60.0,5.0215,0,0,1,0.3318102000048384,3,247,31
002,1,2,20260611,182629,32,1,1,65.4521,0.3635,60.0,5.4521,1,1,1,0.2504363999469206,15,15,1,61.1792,60.0,1.1792,1,0,0,0.2837290000170469,3,247,32
002,1,2,20260611,182631,33,1,1,62.8813,0.1921,60.0,2.8813,1,0,0,0.23116329999174923,15,15,1,65.4521,60.0,5.4521,1,1,1,0.2504363999469206,3,247,33
002,1,2,20260611,182633,34,1,1,71.1171,0.7411,60.0,11.1171,1,1,1,0.33361519989557564,16,16,1,62.8813,60.0,2.8813,1,0,0,0.2311632999917492,3,247,34
002,1,2,20260611,182635,35,1,1,71.0029,0.7335,60.0,11.0029,1,1,1,0.3656188000459224,17,17,1,71.1171,60.0,11.1171,1,1,1,0.3336151998955756,3,247,35
002,1,2,20260611,182637,36,1,1,58.4773,-0.1015,60.0,1.5227,0,1,0,0.44973260001279414,17,17,1,71.0029,60.0,11.0029,1,1,1,0.3656188000459224,3,247,36
002,1,2,20260611,182639,37,1,1,65.6642,0.3776,60.0,5.6642,1,1,1,0.21738449996337295,18,18,1,58.4773,60.0,1.5227,0,1,0,0.4497326000127941,3,247,37
002,1,2,20260611,182640,38,1,1,57.5825,-0.1612,60.0,2.4175,0,1,0,0.3639568999642506,18,18,1,65.6642,60.0,5.6642,1,1,1,0.2173844999633729,3,247,38
002,1,2,20260611,182642,39,1,1,63.8146,0.2543,60.0,3.8146,1,1,1,0.34887739992700517,19,19,1,57.5825,60.0,2.4175,0,1,0,0.3639568999642506,3,247,39
002,1,2,20260611,182644,40,1,1,70.7158,0.7144,60.0,10.7158,1,0,0,0.43278389994520694,19,19,1,63.8146,60.0,3.8146,1,1,1,0.3488773999270051,3,247,40
002,1,2,20260611,182647,41,1,1,59.1154,-0.059,60.0,0.8846,0,0,1,0.24866310006473213,20,20,1,70.7158,60.0,10.7158,1,0,0,0.4327838999452069,3,247,41
002,1,2,20260611,182648,42,1,1,70.8341,0.7223,60.0,10.8341,1,1,1,0.28295050002634525,21,21,1,59.1154,60.0,0.8846,0,0,1,0.2486631000647321,3,247,42
002,1,2,20260611,182650,43,1,1,55.285,-0.3143,60.0,4.715,0,0,1,0.2799828000133857,22,22,1,70.8341,60.0,10.8341,1,1,1,0.2829505000263452,3,247,43
002,1,2,20260611,182652,44,1,1,61.2316,0.0821,60.0,1.2316,1,0,0,0.264060000074096,22,22,1,55.285,60.0,4.715,0,0,1,0.2799828000133857,3,247,44
002,1,2,20260611,182654,45,1,1,70.3832,0.6922,60.0,10.3832,1,1,1,0.24905869993381202,23,23,1,61.2316,60.0,1.2316,1,0,0,0.264060000074096,3,247,45
002,1,2,20260611,182656,46,1,1,58.7067,-0.0862,60.0,1.2933,0,0,1,0.25024729990400374,24,24,1,70.3832,60.0,10.3832,1,1,1,0.249058699933812,3,247,46
002,1,2,20260611,182658,47,1,1,58.1476,-0.1235,60.0,1.8524,0,0,1,0.31416939990594983,25,25,1,58.7067,60.0,1.2933,0,0,1,0.2502472999040037,3,247,47
002,1,2,20260611,182700,48,1,1,73.2651,0.8843,60.0,13.2651,1,0,0,0.6498601000057533,25,25,1,58.1476,60.0,1.8524,0,0,1,0.3141693999059498,3,247,48
002,1,2,20260611,182703,49,1,1,52.043,-0.5305,60.0,7.957,0,0,1,0.5678470999700949,26,26,1,73.2651,60.0,13.2651,1,0,0,0.6498601000057533,3,247,49
002,1,2,20260611,182705,50,1,1,68.2939,0.5529,60.0,8.2939,1,0,0,0.298062700079754,26,26,1,52.043,60.0,7.957,0,0,1,0.5678470999700949,3,247,50
002,1,2,20260611,182707,51,1,1,70.8805,0.7254,60.0,10.8805,1,0,0,0.5157147999852896,26,26,1,68.2939,60.0,8.2939,1,0,0,0.298062700079754,3,247,51
002,1,2,20260611,182712,52,1,1,55.6057,-0.293,60.0,4.3943,0,1,0,0.35175470006652176,26,26,1,70.8805,60.0,10.8805,1,0,0,0.5157147999852896,3,247,52
002,1,2,20260611,182714,53,1,1,59.4512,-0.0366,60.0,0.5488,0,1,0,0.24911809992045164,26,26,1,55.6057,60.0,4.3943,0,1,0,0.3517547000665217,3,247,53
002,1,2,20260611,182716,54,1,1,56.5346,-0.231,60.0,3.4654,0,0,1,0.28415570000652224,27,27,1,59.4512,60.0,0.5488,0,1,0,0.2491180999204516,3,247,54
002,1,2,20260611,182720,55,1,1,47.0067,-0.8662,60.0,12.9933,0,1,0,0.29998769995290786,27,27,1,56.5346,60.0,3.4654,0,0,1,0.2841557000065222,3,247,55
002,1,2,20260611,182725,56,1,1,65.7757,0.385,60.0,5.7757,1,-1,-1,-1,27,27,1,47.0067,60.0,12.9933,0,1,0,0.2999876999529078,3,247,56
002,1,2,20260611,182733,57,1,1,57.5834,-0.1611,60.0,2.4166,0,-1,-1,-1,27,27,1,65.7757,60.0,5.7757,1,-1,-1,-1.0,3,247,57
002,1,2,20260611,182742,58,1,1,70.9848,0.7323,60.0,10.9848,1,1,1,0.3478976000333205,28,28,1,57.5834,60.0,2.4166,0,-1,-1,-1.0,3,247,58
002,1,2,20260611,182745,59,1,1,66.6162,0.4411,60.0,6.6162,1,0,0,0.5472339999396354,28,28,1,70.9848,60.0,10.9848,1,1,1,0.3478976000333205,3,247,59
002,1,2,20260611,182747,60,1,1,56.8278,-0.2115,60.0,3.1722,0,1,0,0.19780109997373074,28,28,1,66.6162,60.0,6.6162,1,0,0,0.5472339999396354,3,247,60
002,1,2,20260611,182749,61,1,1,58.4094,-0.106,60.0,1.5906,0,0,1,0.2982015000889078,29,29,1,56.8278,60.0,3.1722,0,1,0,0.1978010999737307,3,247,61
002,1,2,20260611,182751,62,1,1,70.5059,0.7004,60.0,10.5059,1,0,0,0.16472999996040016,29,29,1,58.4094,60.0,1.5906,0,0,1,0.2982015000889078,3,247,62
002,1,2,20260611,182753,63,1,1,58.1935,-0.1204,60.0,1.8065,0,1,0,0.6169264999916777,29,29,1,70.5059,60.0,10.5059,1,0,0,0.1647299999604001,3,247,63
002,1,2,20260611,182755,64,1,1,47.8619,-0.8092,60.0,12.1381,0,1,0,0.2491498999297619,29,29,1,58.1935,60.0,1.8065,0,1,0,0.6169264999916777,3,247,64
002,1,2,20260611,182757,65,1,1,63.5661,0.2377,60.0,3.5661,1,1,1,0.5167637000558898,30,30,1,47.8619,60.0,12.1381,0,1,0,0.2491498999297619,3,247,65
002,1,2,20260611,182759,66,1,1,53.2795,-0.448,60.0,6.7205,0,0,1,0.29786749999038875,31,31,1,63.5661,60.0,3.5661,1,1,1,0.5167637000558898,3,247,66
002,1,2,20260611,182801,67,1,1,67.0252,0.4683,60.0,7.0252,1,1,1,0.14635509997606277,32,32,1,53.2795,60.0,6.7205,0,0,1,0.2978674999903887,3,247,67
002,1,2,20260611,182803,68,1,1,54.6793,-0.3547,60.0,5.3207,0,0,1,0.18286189995706081,33,33,1,67.0252,60.0,7.0252,1,1,1,0.1463550999760627,3,247,68
002,1,2,20260611,182805,69,1,1,59.2873,-0.0475,60.0,0.7127,0,0,1,0.18307929998263717,34,34,1,54.6793,60.0,5.3207,0,0,1,0.1828618999570608,3,247,69
002,1,2,20260611,182806,70,1,1,69.7584,0.6506,60.0,9.7584,1,0,0,0.21529930003453046,34,34,1,59.2873,60.0,0.7127,0,0,1,0.1830792999826371,3,247,70
002,1,2,20260611,182809,71,1,1,61.6082,0.1072,60.0,1.6082,1,0,0,0.20025620004162192,34,34,1,69.7584,60.0,9.7584,1,0,0,0.2152993000345304,3,247,71
002,1,2,20260611,182810,72,1,1,56.3166,-0.2456,60.0,3.6834,0,0,1,0.1971387000521645,35,35,1,61.6082,60.0,1.6082,1,0,0,0.2002562000416219,3,247,72
002,1,2,20260611,182812,73,1,1,56.4834,-0.2344,60.0,3.5166,0,0,1,0.2139242000412196,36,36,1,56.3166,60.0,3.6834,0,0,1,0.1971387000521645,3,247,73
002,1,2,20260611,182814,74,1,1,62.8117,0.1874,60.0,2.8117,1,1,1,0.5491198999807239,37,37,1,56.4834,60.0,3.5166,0,0,1,0.2139242000412196,3,247,74
002,1,2,20260611,182816,75,1,1,70.2133,0.6809,60.0,10.2133,1,1,1,0.23169349995441735,38,38,1,62.8117,60.0,2.8117,1,1,1,0.5491198999807239,3,247,75
002,1,2,20260611,182818,76,1,1,64.4761,0.2984,60.0,4.4761,1,0,0,0.33382289996370673,38,38,1,70.2133,60.0,10.2133,1,1,1,0.2316934999544173,3,247,76
002,1,2,20260611,182820,77,1,1,59.3766,-0.0416,60.0,0.6234,0,1,0,0.19761559995822608,38,38,1,64.4761,60.0,4.4761,1,0,0,0.3338228999637067,3,247,77
002,1,2,20260611,182821,78,1,1,50.1606,-0.656,60.0,9.8394,0,1,0,0.19752140005584806,38,38,1,59.3766,60.0,0.6234,0,1,0,0.197615599958226,3,247,78
002,1,2,20260611,182823,79,1,1,66.8297,0.4553,60.0,6.8297,1,1,1,0.11624310002662241,39,39,1,50.1606,60.0,9.8394,0,1,0,0.197521400055848,3,247,79
002,1,2,20260611,182825,80,1,1,68.4901,0.566,60.0,8.4901,1,0,0,0.21691489999648184,39,39,1,66.8297,60.0,6.8297,1,1,1,0.1162431000266224,3,247,80
002,1,2,20260611,182826,81,1,1,54.8816,-0.3412,60.0,5.1184,0,1,0,0.3129886999959126,39,39,1,68.4901,60.0,8.4901,1,0,0,0.2169148999964818,3,247,81
002,1,2,20260611,182828,82,1,1,68.6455,0.5764,60.0,8.6455,1,1,1,0.2683767999988049,40,40,1,54.8816,60.0,5.1184,0,1,0,0.3129886999959126,3,247,82
002,1,2,20260611,182830,83,1,1,58.2407,-0.1173,60.0,1.7593,0,1,0,0.2335202000103891,40,40,1,68.6455,60.0,8.6455,1,1,1,0.2683767999988049,3,247,83
002,1,2,20260611,182832,84,1,1,58.6402,-0.0907,60.0,1.3598,0,0,1,0.23268689995165914,41,41,1,58.2407,60.0,1.7593,0,1,0,0.2335202000103891,3,247,84
002,1,2,20260611,182834,85,1,1,55.5882,-0.2941,60.0,4.4118,0,0,1,0.26728279993403703,42,42,1,58.6402,60.0,1.3598,0,0,1,0.2326868999516591,3,247,85
002,1,2,20260611,182835,86,1,1,64.5819,0.3055,60.0,4.5819,1,0,0,0.2833115999819711,42,42,1,55.5882,60.0,4.4118,0,0,1,0.267282799934037,3,247,86
002,1,2,20260611,182837,87,1,1,70.7793,0.7186,60.0,10.7793,1,0,0,0.24721719999797642,42,42,1,64.5819,60.0,4.5819,1,0,0,0.2833115999819711,3,247,87
002,1,2,20260611,182839,88,1,1,54.3454,-0.377,60.0,5.6546,0,0,1,0.21634620008990169,43,43,1,70.7793,60.0,10.7793,1,0,0,0.2472171999979764,3,247,88
002,1,2,20260611,182841,89,1,1,70.6338,0.7089,60.0,10.6338,1,0,0,0.23102250008378178,43,43,1,54.3454,60.0,5.6546,0,0,1,0.2163462000899016,3,247,89
002,1,2,20260611,182842,90,1,1,61.0061,0.0671,60.0,1.0061,1,1,1,0.2662261000368744,44,44,1,70.6338,60.0,10.6338,1,0,0,0.2310225000837817,3,247,90
002,1,2,20260611,182844,91,1,1,53.6146,-0.4257,60.0,6.3854,0,1,0,0.280167100019753,44,44,1,61.0061,60.0,1.0061,1,1,1,0.2662261000368744,3,247,91
002,1,2,20260611,182846,92,1,1,60.885,0.059,60.0,0.885,1,1,1,0.23227050004061311,45,45,1,53.6146,60.0,6.3854,0,1,0,0.280167100019753,3,247,92
002,1,2,20260611,182848,93,1,1,69.6884,0.6459,60.0,9.6884,1,0,0,0.7493439000099897,45,45,1,60.885,60.0,0.885,1,1,1,0.2322705000406131,3,247,93
002,1,2,20260611,182850,94,1,1,58.1694,-0.122,60.0,1.8306,0,0,1,0.3004824999952689,46,46,1,69.6884,60.0,9.6884,1,0,0,0.7493439000099897,3,247,94
002,1,2,20260611,182855,95,1,1,69.9008,0.6601,60.0,9.9008,1,0,0,1.5001170999603346,46,46,1,58.1694,60.0,1.8306,0,0,1,0.3004824999952689,3,247,95
002,1,2,20260611,182858,96,1,1,59.1341,-0.0577,60.0,0.8659,0,1,0,0.5347622000845149,46,46,1,69.9008,60.0,9.9008,1,0,0,1.5001170999603346,3,247,96
002,1,2,20260611,182900,97,1,1,58.3754,-0.1083,60.0,1.6246,0,1,0,0.2649147000629455,46,46,1,59.1341,60.0,0.8659,0,1,0,0.5347622000845149,3,247,97
002,1,2,20260611,182902,98,1,1,49.6791,-0.6881,60.0,10.3209,0,0,1,0.2157199999783188,47,47,1,58.3754,60.0,1.6246,0,1,0,0.2649147000629455,3,247,98
002,1,2,20260611,182904,99,1,1,58.6664,-0.0889,60.0,1.3336,0,1,0,0.23260879993904382,47,47,1,49.6791,60.0,10.3209,0,0,1,0.2157199999783188,3,247,99
002,1,2,20260611,182905,100,1,1,51.7501,-0.55,60.0,8.2499,0,0,1,0.23349370004143566,48,48,1,58.6664,60.0,1.3336,0,1,0,0.2326087999390438,3,247,100
002,1,2,20260611,182907,101,1,1,68.6279,0.5752,60.0,8.6279,1,1,1,0.23213639995083213,49,49,1,51.7501,60.0,8.2499,0,0,1,0.2334937000414356,3,247,101
002,1,2,20260611,182909,102,1,1,66.7292,0.4486,60.0,6.7292,1,0,0,0.3316670999629423,49,49,1,68.6279,60.0,8.6279,1,1,1,0.2321363999508321,3,247,102
002,1,2,20260611,182911,103,1,1,69.1165,0.6078,60.0,9.1165,1,1,1,0.23169939999934286,50,50,1,66.7292,60.0,6.7292,1,0,0,0.3316670999629423,3,247,103
002,1,2,20260611,182913,104,1,1,63.7502,0.25,60.0,3.7502,1,0,0,0.19983400008641183,50,50,1,69.1165,60.0,9.1165,1,1,1,0.2316993999993428,3,247,104
002,1,2,20260611,182915,105,1,1,49.7109,-0.6859,60.0,10.2891,0,1,0,0.3673582000192255,50,50,1,63.7502,60.0,3.7502,1,0,0,0.1998340000864118,3,247,105
002,1,2,20260611,182917,106,1,1,51.229,-0.5847,60.0,8.771,0,0,1,0.41592540009878576,51,51,1,49.7109,60.0,10.2891,0,1,0,0.3673582000192255,3,247,106
002,1,2,20260611,182918,107,1,1,57.9644,-0.1357,60.0,2.0356,0,0,1,0.4834684000816196,52,52,1,51.229,60.0,8.771,0,0,1,0.4159254000987857,3,247,107
002,1,2,20260611,182920,108,1,1,62.35,0.1567,60.0,2.35,1,0,0,0.5653964000521228,52,52,1,57.9644,60.0,2.0356,0,0,1,0.4834684000816196,3,247,108
002,1,2,20260611,182923,109,1,1,67.4316,0.4954,60.0,7.4316,1,1,1,0.5649367000441998,53,53,1,62.35,60.0,2.35,1,0,0,0.5653964000521228,3,247,109
002,1,2,20260611,182925,110,1,1,65.3231,0.3549,60.0,5.3231,1,0,0,0.5338624001014978,53,53,1,67.4316,60.0,7.4316,1,1,1,0.5649367000441998,3,247,110
002,1,2,20260611,182927,111,1,1,54.021,-0.3986,60.0,5.979,0,1,0,0.4491948999930173,53,53,1,65.3231,60.0,5.3231,1,0,0,0.5338624001014978,3,247,111
002,1,2,20260611,182929,112,1,1,53.9087,-0.4061,60.0,6.0913,0,0,1,0.3821880000177771,54,54,1,54.021,60.0,5.979,0,1,0,0.4491948999930173,3,247,112
002,1,2,20260611,182931,113,1,1,59.8051,-0.013,60.0,0.1949,0,0,1,0.44852500001434237,55,55,1,53.9087,60.0,6.0913,0,0,1,0.3821880000177771,3,247,113
002,1,2,20260611,182933,114,1,1,70.9166,0.7278,60.0,10.9166,1,0,0,0.2826361999614164,55,55,1,59.8051,60.0,0.1949,0,0,1,0.4485250000143423,3,247,114
002,1,2,20260611,182935,115,1,1,68.2485,0.5499,60.0,8.2485,1,1,1,0.5167857999913394,56,56,1,70.9166,60.0,10.9166,1,0,0,0.2826361999614164,3,247,115
002,1,2,20260611,182937,116,1,1,53.7699,-0.4153,60.0,6.2301,0,0,1,0.781997499987483,57,57,1,68.2485,60.0,8.2485,1,1,1,0.5167857999913394,3,247,116
002,1,2,20260611,182939,117,1,1,59.9432,-0.0038,60.0,0.0568,0,1,0,0.6640383000485599,57,57,1,53.7699,60.0,6.2301,0,0,1,0.781997499987483,3,247,117
002,1,2,20260611,182942,118,1,1,54.7635,-0.3491,60.0,5.2365,0,0,1,1.2650254999753088,58,58,1,59.9432,60.0,0.0568,0,1,0,0.6640383000485599,3,247,118
002,1,2,20260611,182945,119,1,1,54.2573,-0.3828,60.0,5.7427,0,1,0,0.5652259000344202,58,58,1,54.7635,60.0,5.2365,0,0,1,1.2650254999753088,3,247,119
002,1,2,20260611,182947,120,1,1,57.4155,-0.1723,60.0,2.5845,0,1,0,0.38037350005470216,58,58,1,54.2573,60.0,5.7427,0,1,0,0.5652259000344202,3,247,120
002,1,2,20260611,182949,121,1,1,73.2227,0.8815,60.0,13.2227,1,1,1,0.6344200000166893,59,59,1,57.4155,60.0,2.5845,0,1,0,0.3803735000547021,3,247,121
002,1,2,20260611,182951,122,1,1,53.8905,-0.4073,60.0,6.1095,0,0,1,0.28376180003397167,60,60,1,73.2227,60.0,13.2227,1,1,1,0.6344200000166893,3,247,122
002,1,2,20260611,182953,123,1,1,69.5639,0.6376,60.0,9.5639,1,0,0,0.5658596000866964,60,60,1,53.8905,60.0,6.1095,0,0,1,0.2837618000339716,3,247,123
002,1,2,20260611,182955,124,1,1,61.6454,0.1097,60.0,1.6454,1,1,1,0.6165754999965429,61,61,1,69.5639,60.0,9.5639,1,0,0,0.5658596000866964,3,247,124
002,1,2,20260611,182958,125,1,1,57.1519,-0.1899,60.0,2.8481,0,0,1,0.4980223999591544,62,62,1,61.6454,60.0,1.6454,1,1,1,0.6165754999965429,3,247,125
002,1,2,20260611,183000,126,1,1,70.1284,0.6752,60.0,10.1284,1,1,1,0.6836659000255167,63,63,1,57.1519,60.0,2.8481,0,0,1,0.4980223999591544,3,247,126
002,1,2,20260611,183002,127,1,1,67.9913,0.5328,60.0,7.9913,1,0,0,0.4670967999845743,63,63,1,70.1284,60.0,10.1284,1,1,1,0.6836659000255167,3,247,127
002,1,2,20260611,183004,128,1,1,57.5931,-0.1605,60.0,2.4069,0,1,0,1.2663764000171795,63,63,1,67.9913,60.0,7.9913,1,0,0,0.4670967999845743,3,247,128
002,1,2,20260611,183007,129,1,1,64.7883,0.3192,60.0,4.7883,1,1,1,1.3494158999528736,64,64,1,57.5931,60.0,2.4069,0,1,0,1.2663764000171795,3,247,129
002,1,2,20260611,183010,130,1,1,67.1003,0.4734,60.0,7.1003,1,1,1,0.5666538999648765,65,65,1,64.7883,60.0,4.7883,1,1,1,1.3494158999528736,3,247,130
002,1,2,20260611,183012,131,1,1,60.9572,0.0638,60.0,0.9572,1,0,0,1.2818594999844208,65,65,1,67.1003,60.0,7.1003,1,1,1,0.5666538999648765,3,247,131
002,1,2,20260611,183015,132,1,1,54.3881,-0.3741,60.0,5.6119,0,0,1,0.58207460003905,66,66,1,60.9572,60.0,0.9572,1,0,0,1.2818594999844208,3,247,132
002,1,2,20260611,183017,133,1,1,49.3533,-0.7098,60.0,10.6467,0,0,1,0.5822496999753639,67,67,1,54.3881,60.0,5.6119,0,0,1,0.58207460003905,3,247,133
002,1,2,20260611,183019,134,1,1,52.9585,-0.4694,60.0,7.0415,0,0,1,0.6352769000222906,68,68,1,49.3533,60.0,10.6467,0,0,1,0.5822496999753639,3,247,134
002,1,2,20260611,183021,135,1,1,74.873,0.9915,60.0,14.873,1,1,1,0.6480308999307454,69,69,1,52.9585,60.0,7.0415,0,0,1,0.6352769000222906,3,247,135
002,1,2,20260611,183023,136,1,1,58.7557,-0.083,60.0,1.2443,0,0,1,0.549946999992244,70,70,1,74.873,60.0,14.873,1,1,1,0.6480308999307454,3,247,136
002,1,2,20260611,183025,137,1,1,48.725,-0.7517,60.0,11.275,0,1,0,0.46664230001624674,70,70,1,58.7557,60.0,1.2443,0,0,1,0.549946999992244,3,247,137
002,1,2,20260611,183028,138,1,1,57.2992,-0.1801,60.0,2.7008,0,1,0,0.29809659998863935,70,70,1,48.725,60.0,11.275,0,1,0,0.4666423000162467,3,247,138
002,1,2,20260611,183029,139,1,1,52.4499,-0.5033,60.0,7.5501,0,1,0,0.46977500000502914,70,70,1,57.2992,60.0,2.7008,0,1,0,0.2980965999886393,3,247,139
002,1,2,20260611,183031,140,1,1,56.5802,-0.228,60.0,3.4198,0,0,1,0.5161555999657139,71,71,1,52.4499,60.0,7.5501,0,1,0,0.4697750000050291,3,247,140
002,1,2,20260611,183034,141,1,1,54.1566,-0.3896,60.0,5.8434,0,0,1,0.43215190002229065,72,72,1,56.5802,60.0,3.4198,0,0,1,0.5161555999657139,3,247,141
002,1,2,20260611,183036,142,1,1,70.9769,0.7318,60.0,10.9769,1,1,1,0.4154429000336677,73,73,1,54.1566,60.0,5.8434,0,0,1,0.4321519000222906,3,247,142
002,1,2,20260611,183038,143,1,1,62.2988,0.1533,60.0,2.2988,1,1,1,0.2663400999736041,74,74,1,70.9769,60.0,10.9769,1,1,1,0.4154429000336677,3,247,143
002,1,2,20260611,183039,144,1,1,59.6262,-0.0249,60.0,0.3738,0,0,1,0.26612430007662624,75,75,1,62.2988,60.0,2.2988,1,1,1,0.2663400999736041,3,247,144
002,1,2,20260611,183041,145,1,1,59.1908,-0.0539,60.0,0.8092,0,0,1,0.21569159999489784,76,76,1,59.6262,60.0,0.3738,0,0,1,0.2661243000766262,3,247,145
002,1,2,20260611,183043,146,1,1,63.3019,0.2201,60.0,3.3019,1,1,1,0.36558869993314147,77,77,1,59.1908,60.0,0.8092,0,0,1,0.2156915999948978,3,247,146
002,1,2,20260611,183045,147,1,1,59.1058,-0.0596,60.0,0.8942,0,0,1,0.3486272000009194,78,78,1,63.3019,60.0,3.3019,1,1,1,0.3655886999331414,3,247,147
002,1,2,20260611,183047,148,1,1,70.7416,0.7161,60.0,10.7416,1,1,1,0.3671364999609068,79,79,1,59.1058,60.0,0.8942,0,0,1,0.3486272000009194,3,247,148
002,1,2,20260611,183049,149,1,1,55.6407,-0.2906,60.0,4.3593,0,1,0,0.39955339999869466,79,79,1,70.7416,60.0,10.7416,1,1,1,0.3671364999609068,3,247,149
002,1,2,20260611,183051,150,1,1,74.0381,0.9359,60.0,14.0381,1,1,1,0.3689085999503732,80,80,1,55.6407,60.0,4.3593,0,1,0,0.3995533999986946,3,247,150
002,1,2,20260611,183053,151,1,1,65.6127,0.3742,60.0,5.6127,1,1,1,0.2670066000428051,81,81,1,74.0381,60.0,14.0381,1,1,1,0.3689085999503732,3,247,151
002,1,2,20260611,183055,152,1,1,73.6156,0.9077,60.0,13.6156,1,0,0,0.4000380999641493,81,81,1,65.6127,60.0,5.6127,1,1,1,0.2670066000428051,3,247,152
002,1,2,20260611,183057,153,1,1,70.4163,0.6944,60.0,10.4163,1,0,0,0.3668450000695884,81,81,1,73.6156,60.0,13.6156,1,0,0,0.4000380999641493,3,247,153
002,1,2,20260611,183059,154,1,1,45.0594,-0.996,60.0,14.9406,0,0,1,0.6138371000997722,82,82,1,70.4163,60.0,10.4163,1,0,0,0.3668450000695884,3,247,154
002,1,2,20260611,183101,155,1,1,56.0618,-0.2625,60.0,3.9382,0,0,1,0.7143602999858558,83,83,1,45.0594,60.0,14.9406,0,0,1,0.6138371000997722,3,247,155
002,1,2,20260611,183103,156,1,1,64.7801,0.3187,60.0,4.7801,1,1,1,0.5986092999810353,84,84,1,56.0618,60.0,3.9382,0,0,1,0.7143602999858558,3,247,156
002,1,2,20260611,183105,157,1,1,63.8443,0.2563,60.0,3.8443,1,1,1,0.9656843999400735,85,85,1,64.7801,60.0,4.7801,1,1,1,0.5986092999810353,3,247,157
002,1,2,20260611,183108,158,1,1,54.5354,-0.3643,60.0,5.4646,0,0,1,0.6482239000033587,86,86,1,63.8443,60.0,3.8443,1,1,1,0.9656843999400736,3,247,158
002,1,2,20260611,183110,159,1,1,74.8979,0.9932,60.0,14.8979,1,1,1,0.5181757999816909,87,87,1,54.5354,60.0,5.4646,0,0,1,0.6482239000033587,3,247,159
002,1,2,20260611,183112,160,1,1,55.6885,-0.2874,60.0,4.3115,0,0,1,0.5812986000673845,88,88,1,74.8979,60.0,14.8979,1,1,1,0.5181757999816909,3,247,160
002,1,2,20260611,183114,161,1,1,51.5451,-0.5637,60.0,8.4549,0,0,1,1.2849198000039905,89,89,1,55.6885,60.0,4.3115,0,0,1,0.5812986000673845,3,247,161
002,1,2,20260611,183117,162,1,1,58.3064,-0.1129,60.0,1.6936,0,0,1,0.9824918999802321,90,90,1,51.5451,60.0,8.4549,0,0,1,1.2849198000039903,3,247,162
002,1,2,20260611,183119,163,1,1,64.2878,0.2859,60.0,4.2878,1,1,1,0.766094799968414,91,91,1,58.3064,60.0,1.6936,0,0,1,0.982491899980232,3,247,163
002,1,2,20260611,183122,164,1,1,59.2468,-0.0502,60.0,0.7532,0,0,1,1.3168451000237837,92,92,1,64.2878,60.0,4.2878,1,1,1,0.766094799968414,3,247,164
002,1,2,20260611,183125,165,1,1,73.9564,0.9304,60.0,13.9564,1,1,1,0.6336071999976411,93,93,1,59.2468,60.0,0.7532,0,0,1,1.3168451000237835,3,247,165
002,1,2,20260611,183127,166,1,1,65.0722,0.3381,60.0,5.0722,1,1,1,0.8518252000212669,94,94,1,73.9564,60.0,13.9564,1,1,1,0.6336071999976411,3,247,166
002,1,2,20260611,183129,167,1,1,74.6286,0.9752,60.0,14.6286,1,1,1,0.7979854000732303,95,95,1,65.0722,60.0,5.0722,1,1,1,0.8518252000212669,3,247,167
002,1,2,20260611,183131,168,1,1,73.5407,0.9027,60.0,13.5407,1,1,1,0.6666516000404954,96,96,1,74.6286,60.0,14.6286,1,1,1,0.7979854000732303,3,247,168
002,1,2,20260611,183134,169,1,1,60.0687,0.0046,60.0,0.0687,1,0,0,0.7980788999702781,96,96,1,73.5407,60.0,13.5407,1,1,1,0.6666516000404954,3,247,169
002,1,2,20260611,183136,170,1,1,58.1277,-0.1248,60.0,1.8723,0,0,1,0.8328873000573367,97,97,1,60.0687,60.0,0.0687,1,0,0,0.7980788999702781,3,247,170
002,1,2,20260611,183138,171,1,1,56.5122,-0.2325,60.0,3.4878,0,0,1,0.6648738000076264,98,98,1,58.1277,60.0,1.8723,0,0,1,0.8328873000573367,3,247,171
002,1,2,20260611,183140,172,1,1,55.0044,-0.333,60.0,4.9956,0,0,1,0.766092799953185,99,99,1,56.5122,60.0,3.4878,0,0,1,0.6648738000076264,3,247,172
002,1,2,20260611,183143,173,1,1,60.2535,0.0169,60.0,0.2535,1,0,0,0.516648399992846,99,99,1,55.0044,60.0,4.9956,0,0,1,0.766092799953185,3,247,173
002,1,2,20260611,183145,174,1,1,54.6703,-0.3553,60.0,5.3297,0,0,1,0.8307445000391454,100,100,1,60.2535,60.0,0.2535,1,0,0,0.516648399992846,3,247,174
002,1,2,20260611,183148,175,1,1,58.9105,-0.0726,60.0,1.0895,0,0,1,0.7332293000072241,101,101,1,54.6703,60.0,5.3297,0,0,1,0.8307445000391454,3,247,175
002,1,2,20260611,183150,176,1,1,55.1459,-0.3236,60.0,4.8541,0,0,1,0.7187518000137061,102,102,1,58.9105,60.0,1.0895,0,0,1,0.7332293000072241,3,247,176
002,1,2,20260611,183152,177,1,1,58.1615,-0.1226,60.0,1.8385,0,0,1,0.9317739999387413,103,103,1,55.1459,60.0,4.8541,0,0,1,0.7187518000137061,3,247,177
002,1,2,20260611,183155,178,1,1,61.1974,0.0798,60.0,1.1974,1,0,0,1.116611500037834,103,103,1,58.1615,60.0,1.8385,0,0,1,0.9317739999387412,3,247,178
002,1,2,20260611,183157,179,1,1,53.3279,-0.4448,60.0,6.6721,0,0,1,0.6657978999428451,104,104,1,61.1974,60.0,1.1974,1,0,0,1.116611500037834,3,247,179
002,1,2,20260611,183159,180,1,1,65.046,0.3364,60.0,5.046,1,1,1,0.5325895000714809,105,105,1,53.3279,60.0,6.6721,0,0,1,0.6657978999428451,3,247,180
002,1,2,20260611,183201,181,1,1,59.4851,-0.0343,60.0,0.5149,0,0,1,0.6312357999850065,106,106,1,65.046,60.0,5.046,1,1,1,0.5325895000714809,3,247,181
002,1,2,20260611,183204,182,1,1,71.6401,0.776,60.0,11.6401,1,1,1,0.9358033000025898,107,107,1,59.4851,60.0,0.5149,0,0,1,0.6312357999850065,3,247,182
002,1,2,20260611,183206,183,1,1,56.724,-0.2184,60.0,3.276,0,0,1,0.6665424000239,108,108,1,71.6401,60.0,11.6401,1,1,1,0.9358033000025898,3,247,183
002,1,2,20260611,183208,184,1,1,56.8059,-0.2129,60.0,3.1941,0,1,0,0.6154652000404894,108,108,1,56.724,60.0,3.276,0,0,1,0.6665424000239,3,247,184
002,1,2,20260611,183210,185,1,1,70.018,0.6679,60.0,10.018,1,1,1,0.5322329999180511,109,109,1,56.8059,60.0,3.1941,0,1,0,0.6154652000404894,3,247,185
002,1,2,20260611,183213,186,1,1,49.4819,-0.7012,60.0,10.5181,0,0,1,0.6166839000070468,110,110,1,70.018,60.0,10.018,1,1,1,0.5322329999180511,3,247,186
002,1,2,20260611,183215,187,1,1,70.1676,0.6778,60.0,10.1676,1,1,1,0.6333863999461755,111,111,1,49.4819,60.0,10.5181,0,0,1,0.6166839000070468,3,247,187
002,1,2,20260611,183217,188,1,1,71.6328,0.7755,60.0,11.6328,1,0,0,0.4997348999604583,111,111,1,70.1676,60.0,10.1676,1,1,1,0.6333863999461755,3,247,188
002,1,2,20260611,183220,189,1,1,72.0936,0.8062,60.0,12.0936,1,1,1,0.3148702000034973,112,112,1,71.6328,60.0,11.6328,1,0,0,0.4997348999604583,3,247,189
002,1,2,20260611,183221,190,1,1,59.3156,-0.0456,60.0,0.6844,0,1,0,0.43421249999664724,112,112,1,72.0936,60.0,12.0936,1,1,1,0.3148702000034973,3,247,190
002,1,2,20260611,183223,191,1,1,59.3929,-0.0405,60.0,0.6071,0,1,0,0.2681838000426069,112,112,1,59.3156,60.0,0.6844,0,1,0,0.4342124999966472,3,247,191
002,1,2,20260611,183226,192,1,1,66.9306,0.462,60.0,6.9306,1,1,1,0.7496248000534251,113,113,1,59.3929,60.0,0.6071,0,1,0,0.2681838000426069,3,247,192
002,1,2,20260611,183229,193,1,1,54.6118,-0.3592,60.0,5.3882,0,1,0,0.3152029999764636,113,113,1,66.9306,60.0,6.9306,1,1,1,0.7496248000534251,3,247,193
002,1,2,20260611,183231,194,1,1,73.9801,0.932,60.0,13.9801,1,1,1,0.26877360010985285,114,114,1,54.6118,60.0,5.3882,0,1,0,0.3152029999764636,3,247,194
002,1,2,20260611,183233,195,1,1,55.6217,-0.2919,60.0,4.3783,0,0,1,0.3648936999961734,115,115,1,73.9801,60.0,13.9801,1,1,1,0.2687736001098528,3,247,195
002,1,2,20260611,183235,196,1,1,58.4703,-0.102,60.0,1.5297,0,0,1,0.23210010002367198,116,116,1,55.6217,60.0,4.3783,0,0,1,0.3648936999961734,3,247,196
002,1,2,20260611,183236,197,1,1,62.6379,0.1759,60.0,2.6379,1,0,0,0.33280650002416223,116,116,1,58.4703,60.0,1.5297,0,0,1,0.2321001000236719,3,247,197
002,1,2,20260611,183238,198,1,1,67.7042,0.5136,60.0,7.7042,1,1,1,0.4162194000091404,117,117,1,62.6379,60.0,2.6379,1,0,0,0.3328065000241622,3,247,198
002,1,2,20260611,183240,199,1,1,71.1757,0.745,60.0,11.1757,1,0,0,0.4322122000157833,117,117,1,67.7042,60.0,7.7042,1,1,1,0.4162194000091404,3,247,199
002,1,2,20260611,183243,200,1,1,68.736,0.5824,60.0,8.736,1,0,0,0.549185499898158,117,117,1,71.1757,60.0,11.1757,1,0,0,0.4322122000157833,3,247,200
002,1,2,20260611,183245,201,1,1,54.6554,-0.3563,60.0,5.3446,0,1,0,0.6006387999514118,117,117,1,68.736,60.0,8.736,1,0,0,0.549185499898158,3,247,201
002,1,2,20260611,183247,202,1,1,61.3312,0.0887,60.0,1.3312,1,0,0,0.6676055000862107,117,117,1,54.6554,60.0,5.3446,0,1,0,0.6006387999514118,3,247,202
002,1,2,20260611,183250,203,1,1,56.2004,-0.2533,60.0,3.7996,0,0,1,0.34902149997651577,118,118,1,61.3312,60.0,1.3312,1,0,0,0.6676055000862107,3,247,203
002,1,2,20260611,183252,204,1,1,56.7785,-0.2148,60.0,3.2215,0,1,0,0.7321751000126824,118,118,1,56.2004,60.0,3.7996,0,0,1,0.3490214999765157,3,247,204
002,1,2,20260611,183254,205,1,1,65.487,0.3658,60.0,5.487,1,0,0,0.36486009997315705,118,118,1,56.7785,60.0,3.2215,0,1,0,0.7321751000126824,3,247,205
002,1,2,20260611,183256,206,1,1,62.8691,0.1913,60.0,2.8691,1,0,0,0.2828274999046698,118,118,1,65.487,60.0,5.487,1,0,0,0.364860099973157,3,247,206
002,1,2,20260611,183258,207,1,1,53.2356,-0.451,60.0,6.7644,0,1,0,0.31481949996668845,118,118,1,62.8691,60.0,2.8691,1,0,0,0.2828274999046698,3,247,207
002,1,2,20260611,183300,208,1,1,71.5111,0.7674,60.0,11.5111,1,1,1,0.24953280005138367,119,119,1,53.2356,60.0,6.7644,0,1,0,0.3148194999666884,3,247,208
002,1,2,20260611,183302,209,1,1,63.3048,0.2203,60.0,3.3048,1,1,1,0.31643999996595085,120,120,1,71.5111,60.0,11.5111,1,1,1,0.2495328000513836,3,247,209
002,1,2,20260611,183304,210,1,1,50.1319,-0.6579,60.0,9.8681,0,1,0,0.24775330000557005,120,120,1,63.3048,60.0,3.3048,1,1,1,0.3164399999659508,3,247,210
002,1,2,20260611,183306,211,1,1,60.2134,0.0142,60.0,0.2134,1,0,0,0.31566060008481145,120,120,1,50.1319,60.0,9.8681,0,1,0,0.24775330000557,3,247,211
002,1,2,20260611,183308,212,1,1,57.8254,-0.145,60.0,2.1746,0,0,1,0.5302494999486953,121,121,1,60.2134,60.0,0.2134,1,0,0,0.3156606000848114,3,247,212
002,1,2,20260611,183310,213,1,1,58.2464,-0.1169,60.0,1.7536,0,0,1,0.41499110008589923,122,122,1,57.8254,60.0,2.1746,0,0,1,0.5302494999486953,3,247,213
002,1,2,20260611,183312,214,1,1,52.5415,-0.4972,60.0,7.4585,0,1,0,0.3483993000118062,122,122,1,58.2464,60.0,1.7536,0,0,1,0.4149911000858992,3,247,214
002,1,2,20260611,183314,215,1,1,63.6262,0.2417,60.0,3.6262,1,0,0,0.4166172998957336,122,122,1,52.5415,60.0,7.4585,0,1,0,0.3483993000118062,3,247,215
002,1,2,20260611,183316,216,1,1,55.9941,-0.2671,60.0,4.0059,0,1,0,0.36736440006643534,122,122,1,63.6262,60.0,3.6262,1,0,0,0.4166172998957336,3,247,216
002,1,2,20260611,183318,217,1,1,73.4611,0.8974,60.0,13.4611,1,0,0,0.39962389995343983,122,122,1,55.9941,60.0,4.0059,0,1,0,0.3673644000664353,3,247,217
002,1,2,20260611,183320,218,1,1,59.4961,-0.0336,60.0,0.5039,0,1,0,0.1331584999570623,122,122,1,73.4611,60.0,13.4611,1,0,0,0.3996238999534398,3,247,218
002,1,2,20260611,183322,219,1,1,56.9894,-0.2007,60.0,3.0106,0,0,1,0.2980861000251025,123,123,1,59.4961,60.0,0.5039,0,1,0,0.1331584999570623,3,247,219
002,1,2,20260611,183324,220,1,1,67.7872,0.5191,60.0,7.7872,1,1,1,0.6167376999510452,124,124,1,56.9894,60.0,3.0106,0,0,1,0.2980861000251025,3,247,220
002,1,2,20260611,183327,221,1,1,46.5393,-0.8974,60.0,13.4607,0,0,1,0.783554199966602,125,125,1,67.7872,60.0,7.7872,1,1,1,0.6167376999510452,3,247,221
002,1,2,20260611,183329,222,1,1,73.1564,0.8771,60.0,13.1564,1,1,1,0.7326649000169709,126,126,1,46.5393,60.0,13.4607,0,0,1,0.783554199966602,3,247,222
002,1,2,20260611,183331,223,1,1,51.4311,-0.5713,60.0,8.5689,0,0,1,0.5010816999711096,127,127,1,73.1564,60.0,13.1564,1,1,1,0.7326649000169709,3,247,223
002,1,2,20260611,183333,224,1,1,59.3209,-0.0453,60.0,0.6791,0,0,1,0.45105229993350804,128,128,1,51.4311,60.0,8.5689,0,0,1,0.5010816999711096,3,247,224
002,1,2,20260611,183335,225,1,1,59.0875,-0.0608,60.0,0.9125,0,0,1,0.49907900008838624,129,129,1,59.3209,60.0,0.6791,0,0,1,0.451052299933508,3,247,225
002,1,2,20260611,183337,226,1,1,71.8346,0.789,60.0,11.8346,1,1,1,0.699364100000821,130,130,1,59.0875,60.0,0.9125,0,0,1,0.4990790000883862,3,247,226
002,1,2,20260611,183339,227,1,1,69.6973,0.6465,60.0,9.6973,1,1,1,0.6331652000080794,131,131,1,71.8346,60.0,11.8346,1,1,1,0.699364100000821,3,247,227
002,1,2,20260611,183341,228,1,1,57.0603,-0.196,60.0,2.9397,0,0,1,0.6840485000284389,132,132,1,69.6973,60.0,9.6973,1,1,1,0.6331652000080794,3,247,228
002,1,2,20260611,183344,229,1,1,46.3064,-0.9129,60.0,13.6936,0,0,1,0.6497818999923766,133,133,1,57.0603,60.0,2.9397,0,0,1,0.6840485000284389,3,247,229
002,1,2,20260611,183346,230,1,1,59.5305,-0.0313,60.0,0.4695,0,0,1,0.5331363999284804,134,134,1,46.3064,60.0,13.6936,0,0,1,0.6497818999923766,3,247,230
002,1,2,20260611,183348,231,1,1,65.7828,0.3855,60.0,5.7828,1,0,0,0.7504458000184968,134,134,1,59.5305,60.0,0.4695,0,0,1,0.5331363999284804,3,247,231
002,1,2,20260611,183350,232,1,1,56.1555,-0.2563,60.0,3.8445,0,1,0,0.39877079997677356,134,134,1,65.7828,60.0,5.7828,1,0,0,0.7504458000184968,3,247,232
002,1,2,20260611,183352,233,1,1,60.7083,0.0472,60.0,0.7083,1,0,0,0.34733000001870096,134,134,1,56.1555,60.0,3.8445,0,1,0,0.3987707999767735,3,247,233
002,1,2,20260611,183354,234,1,1,67.9363,0.5291,60.0,7.9363,1,0,0,0.3150692000053823,134,134,1,60.7083,60.0,0.7083,1,0,0,0.3473300000187009,3,247,234
002,1,2,20260611,183356,235,1,1,54.5239,-0.3651,60.0,5.4761,0,1,0,0.38287030009087175,134,134,1,67.9363,60.0,7.9363,1,0,0,0.3150692000053823,3,247,235
002,1,2,20260611,183358,236,1,1,55.1888,-0.3207,60.0,4.8112,0,1,0,0.28471599996555597,134,134,1,54.5239,60.0,5.4761,0,1,0,0.3828703000908717,3,247,236
002,1,2,20260611,183400,237,1,1,59.7487,-0.0168,60.0,0.2513,0,1,0,0.3155218999600038,134,134,1,55.1888,60.0,4.8112,0,1,0,0.2847159999655559,3,247,237
002,1,2,20260611,183402,238,1,1,55.6182,-0.2921,60.0,4.3818,0,0,1,0.34710879996418953,135,135,1,59.7487,60.0,0.2513,0,1,0,0.3155218999600038,3,247,238
002,1,2,20260611,183403,239,1,1,74.0704,0.938,60.0,14.0704,1,1,1,0.7505373999010772,136,136,1,55.6182,60.0,4.3818,0,0,1,0.3471087999641895,3,247,239
002,1,2,20260611,183406,240,1,1,56.6762,-0.2216,60.0,3.3238,0,0,1,0.6162354999687523,137,137,1,74.0704,60.0,14.0704,1,1,1,0.7505373999010772,3,247,240
002,1,2,20260611,183408,241,1,1,62.2656,0.151,60.0,2.2656,1,1,1,0.7006275999592617,138,138,1,56.6762,60.0,3.3238,0,0,1,0.6162354999687523,3,247,241
002,1,2,20260611,183411,242,1,1,66.8446,0.4563,60.0,6.8446,1,0,0,0.5813516000052914,138,138,1,62.2656,60.0,2.2656,1,1,1,0.7006275999592617,3,247,242
002,1,2,20260611,183413,243,1,1,69.7829,0.6522,60.0,9.7829,1,1,1,0.5494097999762744,139,139,1,66.8446,60.0,6.8446,1,0,0,0.5813516000052914,3,247,243
002,1,2,20260611,183415,244,1,1,54.1519,-0.3899,60.0,5.8481,0,0,1,0.5322747000027448,140,140,1,69.7829,60.0,9.7829,1,1,1,0.5494097999762744,3,247,244
002,1,2,20260611,183417,245,1,1,53.5688,-0.4287,60.0,6.4312,0,0,1,0.5007833000272512,141,141,1,54.1519,60.0,5.8481,0,0,1,0.5322747000027448,3,247,245
002,1,2,20260611,183419,246,1,1,48.7841,-0.7477,60.0,11.2159,0,1,0,0.5995446000015363,141,141,1,53.5688,60.0,6.4312,0,0,1,0.5007833000272512,3,247,246
002,1,2,20260611,183422,247,1,1,60.1967,0.0131,60.0,0.1967,1,1,1,0.5986753000179306,142,142,1,48.7841,60.0,11.2159,0,1,0,0.5995446000015363,3,247,247
002,1,2,20260611,183424,1,2,2,69.3682,0.6245,60.0,9.3682,1,0,0,0.7672981999348849,0,142,1,60.1967,60.0,0.1967,1,1,1,0.5986753000179306,3,162,248
002,1,2,20260611,183427,2,2,2,46.6968,-0.8869,60.0,13.3032,0,0,1,0.665711099980399,1,143,2,69.3682,60.0,9.3682,1,0,0,0.7672981999348849,3,162,249
002,1,2,20260611,183429,3,2,2,52.6465,-0.4902,60.0,7.3535,0,1,0,0.3157784000504762,1,143,2,46.6968,60.0,13.3032,0,0,1,0.665711099980399,3,162,250
002,1,2,20260611,183431,4,2,2,55.6199,-0.292,60.0,4.3801,0,1,0,0.4495656000217423,1,143,2,52.6465,60.0,7.3535,0,1,0,0.3157784000504762,3,162,251
002,1,2,20260611,183434,5,2,2,51.585,-0.561,60.0,8.415,0,1,0,0.33264169993344694,1,143,2,55.6199,60.0,4.3801,0,1,0,0.4495656000217423,3,162,252
002,1,2,20260611,183436,6,2,2,63.5986,0.2399,60.0,3.5986,1,0,0,0.29862899996805936,1,143,2,51.585,60.0,8.415,0,1,0,0.3326416999334469,3,162,253
002,1,2,20260611,183438,7,2,2,46.5232,-0.8985,60.0,13.4768,0,0,1,0.6332924000453204,2,144,2,63.5986,60.0,3.5986,1,0,0,0.2986289999680593,3,162,254
002,1,2,20260611,183440,8,2,2,55.8172,-0.2789,60.0,4.1828,0,1,0,0.29998070001602173,2,144,2,46.5232,60.0,13.4768,0,0,1,0.6332924000453204,3,162,255
002,1,2,20260611,183442,9,2,2,60.889,0.0593,60.0,0.889,1,1,1,0.34790299995802343,3,145,2,55.8172,60.0,4.1828,0,1,0,0.2999807000160217,3,162,256
002,1,2,20260611,183444,10,2,2,58.0677,-0.1288,60.0,1.9323,0,1,0,0.3141009999671951,3,145,2,60.889,60.0,0.889,1,1,1,0.3479029999580234,3,162,257
002,1,2,20260611,183446,11,2,2,53.2385,-0.4508,60.0,6.7615,0,1,0,0.23250450007617474,3,145,2,58.0677,60.0,1.9323,0,1,0,0.3141009999671951,3,162,258
002,1,2,20260611,183448,12,2,2,62.5436,0.1696,60.0,2.5436,1,0,0,0.2857160000130534,3,145,2,53.2385,60.0,6.7615,0,1,0,0.2325045000761747,3,162,259
002,1,2,20260611,183450,13,2,2,62.0932,0.1395,60.0,2.0932,1,1,1,0.265622999984771,4,146,2,62.5436,60.0,2.5436,1,0,0,0.2857160000130534,3,162,260
002,1,2,20260611,183452,14,2,2,58.5282,-0.0981,60.0,1.4718,0,1,0,0.26800580008421093,4,146,2,62.0932,60.0,2.0932,1,1,1,0.265622999984771,3,162,261
002,1,2,20260611,183454,15,2,2,54.0336,-0.3978,60.0,5.9664,0,1,0,0.28213909990154207,4,146,2,58.5282,60.0,1.4718,0,1,0,0.2680058000842109,3,162,262
002,1,2,20260611,183456,16,2,2,53.2669,-0.4489,60.0,6.7331,0,1,0,0.2832553999032825,4,146,2,54.0336,60.0,5.9664,0,1,0,0.282139099901542,3,162,263
002,1,2,20260611,183457,17,2,2,56.6961,-0.2203,60.0,3.3039,0,1,0,0.264853399945423,4,146,2,53.2669,60.0,6.7331,0,1,0,0.2832553999032825,3,162,264
002,1,2,20260611,183500,18,2,2,64.3167,0.2878,60.0,4.3167,1,0,0,0.43277069996111095,4,146,2,56.6961,60.0,3.3039,0,1,0,0.264853399945423,3,162,265
002,1,2,20260611,183502,19,2,2,62.1043,0.1403,60.0,2.1043,1,0,0,0.36443750001490116,4,146,2,64.3167,60.0,4.3167,1,0,0,0.4327706999611109,3,162,266
002,1,2,20260611,183504,20,2,2,71.8521,0.7901,60.0,11.8521,1,1,1,0.4655078999930993,5,147,2,62.1043,60.0,2.1043,1,0,0,0.3644375000149011,3,162,267
002,1,2,20260611,183506,21,2,2,66.8606,0.4574,60.0,6.8606,1,1,1,0.3671899000182748,6,148,2,71.8521,60.0,11.8521,1,1,1,0.4655078999930993,3,162,268
002,1,2,20260611,183508,22,2,2,65.6854,0.379,60.0,5.6854,1,0,0,0.39871199999470264,6,148,2,66.8606,60.0,6.8606,1,1,1,0.3671899000182748,3,162,269
002,1,2,20260611,183510,23,2,2,54.8495,-0.3434,60.0,5.1505,0,0,1,0.3491599000990391,7,149,2,65.6854,60.0,5.6854,1,0,0,0.3987119999947026,3,162,270
002,1,2,20260611,183512,24,2,2,49.5797,-0.6947,60.0,10.4203,0,0,1,0.3314552999800071,8,150,2,54.8495,60.0,5.1505,0,0,1,0.3491599000990391,3,162,271
002,1,2,20260611,183514,25,2,2,59.2071,-0.0529,60.0,0.7929,0,1,0,0.3472833000123501,8,150,2,49.5797,60.0,10.4203,0,0,1,0.3314552999800071,3,162,272
002,1,2,20260611,183516,26,2,2,68.2669,0.5511,60.0,8.2669,1,1,1,0.599693699972704,9,151,2,59.2071,60.0,0.7929,0,1,0,0.3472833000123501,3,162,273
002,1,2,20260611,183518,27,2,2,50.6367,-0.6242,60.0,9.3633,0,1,0,0.3975629999767989,9,151,2,68.2669,60.0,8.2669,1,1,1,0.599693699972704,3,162,274
002,1,2,20260611,183520,28,2,2,58.9596,-0.0694,60.0,1.0404,0,1,0,0.29923590004909784,9,151,2,50.6367,60.0,9.3633,0,1,0,0.3975629999767989,3,162,275
002,1,2,20260611,183522,29,2,2,66.9786,0.4652,60.0,6.9786,1,1,1,0.4005251000635326,10,152,2,58.9596,60.0,1.0404,0,1,0,0.2992359000490978,3,162,276
002,1,2,20260611,183524,30,2,2,74.576,0.9717,60.0,14.576,1,0,0,0.3630255999742076,10,152,2,66.9786,60.0,6.9786,1,1,1,0.4005251000635326,3,162,277
002,1,2,20260611,183526,31,2,2,45.6649,-0.9557,60.0,14.3351,0,0,1,0.43154390004929155,11,153,2,74.576,60.0,14.576,1,0,0,0.3630255999742076,3,162,278
002,1,2,20260611,183528,32,2,2,52.8217,-0.4786,60.0,7.1783,0,0,1,0.46486710000317544,12,154,2,45.6649,60.0,14.3351,0,0,1,0.4315439000492915,3,162,279
002,1,2,20260611,183530,33,2,2,62.8491,0.1899,60.0,2.8491,1,1,1,0.3169169999891892,13,155,2,52.8217,60.0,7.1783,0,0,1,0.4648671000031754,3,162,280
002,1,2,20260611,183532,34,2,2,65.6014,0.3734,60.0,5.6014,1,0,0,0.2823093000333756,13,155,2,62.8491,60.0,2.8491,1,1,1,0.3169169999891892,3,162,281
002,1,2,20260611,183534,35,2,2,53.022,-0.4652,60.0,6.978,0,1,0,0.3656381999608129,13,155,2,65.6014,60.0,5.6014,1,0,0,0.2823093000333756,3,162,282
002,1,2,20260611,183536,36,2,2,65.811,0.3874,60.0,5.811,1,1,1,0.5653445000061765,14,156,2,53.022,60.0,6.978,0,1,0,0.3656381999608129,3,162,283
002,1,2,20260611,183538,37,2,2,74.1955,0.9464,60.0,14.1955,1,0,0,0.36369230004493147,14,156,2,65.811,60.0,5.811,1,1,1,0.5653445000061765,3,162,284
002,1,2,20260611,183540,38,2,2,53.8662,-0.4089,60.0,6.1338,0,0,1,0.4992781999753788,15,157,2,74.1955,60.0,14.1955,1,0,0,0.3636923000449314,3,162,285
002,1,2,20260611,183542,39,2,2,54.4615,-0.3692,60.0,5.5385,0,0,1,0.2665292000165209,16,158,2,53.8662,60.0,6.1338,0,0,1,0.4992781999753788,3,162,286
002,1,2,20260611,183544,40,2,2,47.6953,-0.8203,60.0,12.3047,0,0,1,0.24878550006542355,17,159,2,54.4615,60.0,5.5385,0,0,1,0.2665292000165209,3,162,287
002,1,2,20260611,183546,41,2,2,67.4141,0.4943,60.0,7.4141,1,1,1,0.4158102000365034,18,160,2,47.6953,60.0,12.3047,0,0,1,0.2487855000654235,3,162,288
002,1,2,20260611,183548,42,2,2,59.9433,-0.0038,60.0,0.0567,0,1,0,0.21781419997569174,18,160,2,67.4141,60.0,7.4141,1,1,1,0.4158102000365034,3,162,289
002,1,2,20260611,183550,43,2,2,59.9236,-0.0051,60.0,0.0764,0,1,0,0.48259660007897764,18,160,2,59.9433,60.0,0.0567,0,1,0,0.2178141999756917,3,162,290
002,1,2,20260611,183552,44,2,2,63.2126,0.2142,60.0,3.2126,1,0,0,0.4503043000586331,18,160,2,59.9236,60.0,0.0764,0,1,0,0.4825966000789776,3,162,291
002,1,2,20260611,183555,45,2,2,66.1113,0.4074,60.0,6.1113,1,0,0,0.3476581999566406,18,160,2,63.2126,60.0,3.2126,1,0,0,0.4503043000586331,3,162,292
002,1,2,20260611,183556,46,2,2,54.4899,-0.3673,60.0,5.5101,0,0,1,0.3165939000900835,19,161,2,66.1113,60.0,6.1113,1,0,0,0.3476581999566406,3,162,293
002,1,2,20260611,183558,47,2,2,61.9311,0.1287,60.0,1.9311,1,0,0,0.44989569997414947,19,161,2,54.4899,60.0,5.5101,0,0,1,0.3165939000900835,3,162,294
002,1,2,20260611,183600,48,2,2,65.7313,0.3821,60.0,5.7313,1,0,0,0.266183799947612,19,161,2,61.9311,60.0,1.9311,1,0,0,0.4498956999741494,3,162,295
002,1,2,20260611,183602,49,2,2,59.9613,-0.0026,60.0,0.0387,0,1,0,0.34723299997858703,19,161,2,65.7313,60.0,5.7313,1,0,0,0.266183799947612,3,162,296
002,1,2,20260611,183604,50,2,2,58.54,-0.0973,60.0,1.46,0,1,0,0.29979800002183765,19,161,2,59.9613,60.0,0.0387,0,1,0,0.347232999978587,3,162,297
002,1,2,20260611,183606,51,2,2,47.4295,-0.838,60.0,12.5705,0,1,0,0.2991763000609353,19,161,2,58.54,60.0,1.46,0,1,0,0.2997980000218376,3,162,298
002,1,2,20260611,183608,52,2,2,60.4596,0.0306,60.0,0.4596,1,0,0,0.3641950999153778,19,161,2,47.4295,60.0,12.5705,0,1,0,0.2991763000609353,3,162,299
002,1,2,20260611,183610,53,2,2,50.1833,-0.6544,60.0,9.8167,0,1,0,0.4164003999903798,19,161,2,60.4596,60.0,0.4596,1,0,0,0.3641950999153778,3,162,300
002,1,2,20260611,183612,54,2,2,72.571,0.8381,60.0,12.571,1,1,1,0.3661294999765232,20,162,2,50.1833,60.0,9.8167,0,1,0,0.4164003999903798,3,162,301
002,1,2,20260611,183614,55,2,2,45.7947,-0.947,60.0,14.2053,0,0,1,0.4168649000348523,21,163,2,72.571,60.0,12.571,1,1,1,0.3661294999765232,3,162,302
002,1,2,20260611,183616,56,2,2,63.9422,0.2628,60.0,3.9422,1,1,1,0.33152260002680123,22,164,2,45.7947,60.0,14.2053,0,0,1,0.4168649000348523,3,162,303
002,1,2,20260611,183618,57,2,2,53.3256,-0.445,60.0,6.6744,0,1,0,0.28253009996842593,22,164,2,63.9422,60.0,3.9422,1,1,1,0.3315226000268012,3,162,304
002,1,2,20260611,183620,58,2,2,65.8931,0.3929,60.0,5.8931,1,1,1,0.4191586000379175,23,165,2,53.3256,60.0,6.6744,0,1,0,0.2825300999684259,3,162,305
002,1,2,20260611,183622,59,2,2,64.7158,0.3144,60.0,4.7158,1,0,0,0.416203000000678,23,165,2,65.8931,60.0,5.8931,1,1,1,0.4191586000379175,3,162,306
002,1,2,20260611,183624,60,2,2,65.8174,0.3878,60.0,5.8174,1,1,1,0.4471773999975994,24,166,2,64.7158,60.0,4.7158,1,0,0,0.416203000000678,3,162,307
002,1,2,20260611,183626,61,2,2,54.7644,-0.349,60.0,5.2356,0,0,1,0.2977637998992577,25,167,2,65.8174,60.0,5.8174,1,1,1,0.4471773999975994,3,162,308
002,1,2,20260611,183629,62,2,2,48.062,-0.7959,60.0,11.938,0,0,1,0.3494191999780014,26,168,2,54.7644,60.0,5.2356,0,0,1,0.2977637998992577,3,162,309
002,1,2,20260611,183631,63,2,2,61.8099,0.1207,60.0,1.8099,1,0,0,0.4981402000412345,26,168,2,48.062,60.0,11.938,0,0,1,0.3494191999780014,3,162,310
002,1,2,20260611,183633,64,2,2,60.1608,0.0107,60.0,0.1608,1,1,1,0.33105209993664175,27,169,2,61.8099,60.0,1.8099,1,0,0,0.4981402000412345,3,162,311
002,1,2,20260611,183635,65,2,2,58.4817,-0.1012,60.0,1.5183,0,0,1,0.33106409991160035,28,170,2,60.1608,60.0,0.1608,1,1,1,0.3310520999366417,3,162,312
002,1,2,20260611,183637,66,2,2,70.586,0.7057,60.0,10.586,1,1,1,0.3310662000440061,29,171,2,58.4817,60.0,1.5183,0,0,1,0.3310640999116003,3,162,313
002,1,2,20260611,183639,67,2,2,62.778,0.1852,60.0,2.778,1,1,1,0.3976579000009224,30,172,2,70.586,60.0,10.586,1,1,1,0.3310662000440061,3,162,314
002,1,2,20260611,183641,68,2,2,54.9796,-0.3347,60.0,5.0204,0,0,1,0.24928779993206263,31,173,2,62.778,60.0,2.778,1,1,1,0.3976579000009224,3,162,315
002,1,2,20260611,183642,69,2,2,55.708,-0.2861,60.0,4.292,0,0,1,0.29932780005037785,32,174,2,54.9796,60.0,5.0204,0,0,1,0.2492877999320626,3,162,316
002,1,2,20260611,183644,70,2,2,60.2782,0.0185,60.0,0.2782,1,1,1,0.31518960010726005,33,175,2,55.708,60.0,4.292,0,0,1,0.2993278000503778,3,162,317
002,1,2,20260611,183646,71,2,2,64.6026,0.3068,60.0,4.6026,1,0,0,0.5662927000084892,33,175,2,60.2782,60.0,0.2782,1,1,1,0.31518960010726,3,162,318
002,1,2,20260611,183648,72,2,2,51.7688,-0.5487,60.0,8.2312,0,0,1,0.39764609991107136,34,176,2,64.6026,60.0,4.6026,1,0,0,0.5662927000084892,3,162,319
002,1,2,20260611,183651,73,2,2,64.8631,0.3242,60.0,4.8631,1,0,0,0.24727570009417832,34,176,2,51.7688,60.0,8.2312,0,0,1,0.3976460999110713,3,162,320
002,1,2,20260611,183652,74,2,2,62.3204,0.1547,60.0,2.3204,1,0,0,0.3305657999590039,34,176,2,64.8631,60.0,4.8631,1,0,0,0.2472757000941783,3,162,321
002,1,2,20260611,183654,75,2,2,65.2248,0.3483,60.0,5.2248,1,0,0,0.28212520002853125,34,176,2,62.3204,60.0,2.3204,1,0,0,0.3305657999590039,3,162,322
002,1,2,20260611,183656,76,2,2,56.0559,-0.2629,60.0,3.9441,0,0,1,0.2980342999799177,35,177,2,65.2248,60.0,5.2248,1,0,0,0.2821252000285312,3,162,323
002,1,2,20260611,183658,77,2,2,63.2552,0.217,60.0,3.2552,1,0,0,0.3317994000390172,35,177,2,56.0559,60.0,3.9441,0,0,1,0.2980342999799177,3,162,324
002,1,2,20260611,183700,78,2,2,60.5851,0.039,60.0,0.5851,1,1,1,0.33588170004077256,36,178,2,63.2552,60.0,3.2552,1,0,0,0.3317994000390172,3,162,325
002,1,2,20260611,183702,79,2,2,62.8769,0.1918,60.0,2.8769,1,1,1,0.3847462999401614,37,179,2,60.5851,60.0,0.5851,1,1,1,0.3358817000407725,3,162,326
002,1,2,20260611,183704,80,2,2,45.4072,-0.9729,60.0,14.5928,0,1,0,0.3324649999849498,37,179,2,62.8769,60.0,2.8769,1,1,1,0.3847462999401614,3,162,327
002,1,2,20260611,183706,81,2,2,66.42,0.428,60.0,6.42,1,1,1,0.43236209999304265,38,180,2,45.4072,60.0,14.5928,0,1,0,0.3324649999849498,3,162,328
002,1,2,20260611,183708,82,2,2,55.4748,-0.3017,60.0,4.5252,0,0,1,0.33514509990345687,39,181,2,66.42,60.0,6.42,1,1,1,0.4323620999930426,3,162,329
002,1,2,20260611,183710,83,2,2,52.6317,-0.4912,60.0,7.3683,0,1,0,0.26650770008563995,39,181,2,55.4748,60.0,4.5252,0,0,1,0.3351450999034568,3,162,330
002,1,2,20260611,183712,84,2,2,66.4109,0.4274,60.0,6.4109,1,1,1,0.231707000057213,40,182,2,52.6317,60.0,7.3683,0,1,0,0.2665077000856399,3,162,331
002,1,2,20260611,183714,85,2,2,54.6593,-0.356,60.0,5.3407,0,1,0,0.4329470000229776,40,182,2,66.4109,60.0,6.4109,1,1,1,0.231707000057213,3,162,332
002,1,2,20260611,183716,86,2,2,59.347,-0.0435,60.0,0.653,0,0,1,0.4327659000409767,41,183,2,54.6593,60.0,5.3407,0,1,0,0.4329470000229776,3,162,333
002,1,2,20260611,183718,87,2,2,47.4498,-0.8367,60.0,12.5502,0,1,0,0.4507918000454083,41,183,2,59.347,60.0,0.653,0,0,1,0.4327659000409767,3,162,334
002,1,2,20260611,183721,88,2,2,62.5631,0.1709,60.0,2.5631,1,0,0,0.380964900017716,41,183,2,47.4498,60.0,12.5502,0,1,0,0.4507918000454083,3,162,335
002,1,2,20260611,183723,89,2,2,50.1052,-0.6597,60.0,9.8948,0,0,1,0.46487869997508824,42,184,2,62.5631,60.0,2.5631,1,0,0,0.380964900017716,3,162,336
002,1,2,20260611,183725,90,2,2,62.2111,0.1474,60.0,2.2111,1,0,0,0.3337377000134438,42,184,2,50.1052,60.0,9.8948,0,0,1,0.4648786999750882,3,162,337
002,1,2,20260611,183727,91,2,2,56.5514,-0.2299,60.0,3.4486,0,1,0,0.39853639993816614,42,184,2,62.2111,60.0,2.2111,1,0,0,0.3337377000134438,3,162,338
002,1,2,20260611,183729,92,2,2,51.7242,-0.5517,60.0,8.2758,0,1,0,0.2812696999171749,42,184,2,56.5514,60.0,3.4486,0,1,0,0.3985363999381661,3,162,339
002,1,2,20260611,183732,93,2,2,60.1961,0.0131,60.0,0.1961,1,1,1,0.3165756000671536,43,185,2,51.7242,60.0,8.2758,0,1,0,0.2812696999171749,3,162,340
002,1,2,20260611,183734,94,2,2,60.7959,0.0531,60.0,0.7959,1,1,1,0.3487769999774173,44,186,2,60.1961,60.0,0.1961,1,1,1,0.3165756000671536,3,162,341
002,1,2,20260611,183736,95,2,2,71.6294,0.7753,60.0,11.6294,1,0,0,0.38247620000038296,44,186,2,60.7959,60.0,0.7959,1,1,1,0.3487769999774173,3,162,342
002,1,2,20260611,183738,96,2,2,61.7437,0.1162,60.0,1.7437,1,1,1,0.5322626000270247,45,187,2,71.6294,60.0,11.6294,1,0,0,0.3824762000003829,3,162,343
002,1,2,20260611,183740,97,2,2,64.6526,0.3102,60.0,4.6526,1,1,1,0.26748610008507967,46,188,2,61.7437,60.0,1.7437,1,1,1,0.5322626000270247,3,162,344
002,1,2,20260611,183742,98,2,2,51.9476,-0.5368,60.0,8.0524,0,1,0,0.39815240004099905,46,188,2,64.6526,60.0,4.6526,1,1,1,0.2674861000850796,3,162,345
002,1,2,20260611,183745,99,2,2,57.5246,-0.165,60.0,2.4754,0,0,1,0.29890159994829446,47,189,2,51.9476,60.0,8.0524,0,1,0,0.398152400040999,3,162,346
002,1,2,20260611,183746,100,2,2,73.2865,0.8858,60.0,13.2865,1,1,1,0.3324153999565169,48,190,2,57.5246,60.0,2.4754,0,0,1,0.2989015999482944,3,162,347
002,1,2,20260611,183749,101,2,2,65.6098,0.374,60.0,5.6098,1,0,0,0.28226709994487464,48,190,2,73.2865,60.0,13.2865,1,1,1,0.3324153999565169,3,162,348
002,1,2,20260611,183751,102,2,2,57.1295,-0.1914,60.0,2.8705,0,0,1,0.3133377000922337,49,191,2,65.6098,60.0,5.6098,1,0,0,0.2822670999448746,3,162,349
002,1,2,20260611,183753,103,2,2,52.4103,-0.506,60.0,7.5897,0,1,0,0.3980586000252515,49,191,2,57.1295,60.0,2.8705,0,0,1,0.3133377000922337,3,162,350
002,1,2,20260611,183755,104,2,2,56.1981,-0.2535,60.0,3.8019,0,1,0,0.4171406999230385,49,191,2,52.4103,60.0,7.5897,0,1,0,0.3980586000252515,3,162,351
002,1,2,20260611,183757,105,2,2,67.0439,0.4696,60.0,7.0439,1,1,1,0.5156845001038164,50,192,2,56.1981,60.0,3.8019,0,1,0,0.4171406999230385,3,162,352
002,1,2,20260611,183759,106,2,2,47.7779,-0.8148,60.0,12.2221,0,0,1,0.3822408999549225,51,193,2,67.0439,60.0,7.0439,1,1,1,0.5156845001038164,3,162,353
002,1,2,20260611,183802,107,2,2,48.4525,-0.7698,60.0,11.5475,0,0,1,0.34915010002441704,52,194,2,47.7779,60.0,12.2221,0,0,1,0.3822408999549225,3,162,354
002,1,2,20260611,183804,108,2,2,52.5836,-0.4944,60.0,7.4164,0,0,1,0.4163314000470564,53,195,2,48.4525,60.0,11.5475,0,0,1,0.349150100024417,3,162,355
002,1,2,20260611,183808,109,2,2,60.0171,0.0011,60.0,0.0171,1,1,1,1.0148953000316396,54,196,2,52.5836,60.0,7.4164,0,0,1,0.4163314000470564,3,162,356
002,1,2,20260611,183811,110,2,2,50.105,-0.6597,60.0,9.895,0,1,0,0.8312257999787107,54,196,2,60.0171,60.0,0.0171,1,1,1,1.0148953000316396,3,162,357
002,1,2,20260611,183817,111,2,2,50.0033,-0.6664,60.0,9.9967,0,1,0,0.7022165000671521,54,196,2,50.105,60.0,9.895,0,1,0,0.8312257999787107,3,162,358
002,1,2,20260611,183819,112,2,2,67.1415,0.4761,60.0,7.1415,1,1,1,0.38189560000319034,55,197,2,50.0033,60.0,9.9967,0,1,0,0.7022165000671521,3,162,359
002,1,2,20260611,183821,113,2,2,53.3258,-0.4449,60.0,6.6742,0,1,0,0.3999032999854535,55,197,2,67.1415,60.0,7.1415,1,1,1,0.3818956000031903,3,162,360
002,1,2,20260611,183823,114,2,2,55.3469,-0.3102,60.0,4.6531,0,1,0,0.2998188999481499,55,197,2,53.3258,60.0,6.6742,0,1,0,0.3999032999854535,3,162,361
002,1,2,20260611,183825,115,2,2,61.7745,0.1183,60.0,1.7745,1,1,1,0.4328483999706805,56,198,2,55.3469,60.0,4.6531,0,1,0,0.2998188999481499,3,162,362
002,1,2,20260611,183827,116,2,2,57.8868,-0.1409,60.0,2.1132,0,1,0,0.3804246000945568,56,198,2,61.7745,60.0,1.7745,1,1,1,0.4328483999706805,3,162,363
002,1,2,20260611,183833,117,2,2,59.1063,-0.0596,60.0,0.8937,0,0,1,0.3801944999722764,57,199,2,57.8868,60.0,2.1132,0,1,0,0.3804246000945568,3,162,364
002,1,2,20260611,183835,118,2,2,58.93,-0.0713,60.0,1.07,0,0,1,0.43318980000913143,58,200,2,59.1063,60.0,0.8937,0,0,1,0.3801944999722764,3,162,365
002,1,2,20260611,183837,119,2,2,60.6371,0.0425,60.0,0.6371,1,1,1,0.4643917999928817,59,201,2,58.93,60.0,1.07,0,0,1,0.4331898000091314,3,162,366
002,1,2,20260611,183840,120,2,2,60.6752,0.045,60.0,0.6752,1,0,0,0.4488203999353573,59,201,2,60.6371,60.0,0.6371,1,1,1,0.4643917999928817,3,162,367
002,1,2,20260611,183842,121,2,2,65.0623,0.3375,60.0,5.0623,1,0,0,0.699792500003241,59,201,2,60.6752,60.0,0.6752,1,0,0,0.4488203999353573,3,162,368
002,1,2,20260611,183844,122,2,2,59.8552,-0.0097,60.0,0.1448,0,1,0,0.5315021000569686,59,201,2,65.0623,60.0,5.0623,1,0,0,0.699792500003241,3,162,369
002,1,2,20260611,183846,123,2,2,70.0003,0.6667,60.0,10.0003,1,1,1,0.549162199953571,60,202,2,59.8552,60.0,0.1448,0,1,0,0.5315021000569686,3,162,370
002,1,2,20260611,183848,124,2,2,65.6127,0.3742,60.0,5.6127,1,0,0,0.382692200015299,60,202,2,70.0003,60.0,10.0003,1,1,1,0.549162199953571,3,162,371
002,1,2,20260611,183850,125,2,2,60.6814,0.0454,60.0,0.6814,1,1,1,0.21589220000896603,61,203,2,65.6127,60.0,5.6127,1,0,0,0.382692200015299,3,162,372
002,1,2,20260611,183852,126,2,2,46.3265,-0.9116,60.0,13.6735,0,0,1,0.33153770002536476,62,204,2,60.6814,60.0,0.6814,1,1,1,0.215892200008966,3,162,373
002,1,2,20260611,183854,127,2,2,57.6217,-0.1586,60.0,2.3783,0,1,0,0.3309826999902725,62,204,2,46.3265,60.0,13.6735,0,0,1,0.3315377000253647,3,162,374
002,1,2,20260611,183856,128,2,2,57.3263,-0.1782,60.0,2.6737,0,1,0,0.48157010006252676,62,204,2,57.6217,60.0,2.3783,0,1,0,0.3309826999902725,3,162,375
002,1,2,20260611,183858,129,2,2,51.571,-0.5619,60.0,8.429,0,1,0,0.44970640004612505,62,204,2,57.3263,60.0,2.6737,0,1,0,0.4815701000625267,3,162,376
002,1,2,20260611,183900,130,2,2,62.3745,0.1583,60.0,2.3745,1,0,0,0.6158632000442594,62,204,2,51.571,60.0,8.429,0,1,0,0.449706400046125,3,162,377
002,1,2,20260611,183902,131,2,2,67.5698,0.5047,60.0,7.5698,1,0,0,0.38070239999797195,62,204,2,62.3745,60.0,2.3745,1,0,0,0.6158632000442594,3,162,378
002,1,2,20260611,183904,132,2,2,71.1481,0.7432,60.0,11.1481,1,1,1,0.39955339999869466,63,205,2,67.5698,60.0,7.5698,1,0,0,0.3807023999979719,3,162,379
002,1,2,20260611,183906,133,2,2,57.3054,-0.1796,60.0,2.6946,0,0,1,0.4468039000639692,64,206,2,71.1481,60.0,11.1481,1,1,1,0.3995533999986946,3,162,380
002,1,2,20260611,183908,134,2,2,65.2002,0.3467,60.0,5.2002,1,1,1,0.599277599947527,65,207,2,57.3054,60.0,2.6946,0,0,1,0.4468039000639692,3,162,381
002,1,2,20260611,183910,135,2,2,63.1617,0.2108,60.0,3.1617,1,0,0,2.0013217999367043,65,207,2,65.2002,60.0,5.2002,1,1,1,0.599277599947527,3,162,382
002,1,2,20260611,183914,136,2,2,60.3043,0.0203,60.0,0.3043,1,1,1,0.4491898000705987,66,208,2,63.1617,60.0,3.1617,1,0,0,2.0013217999367043,3,162,383
002,1,2,20260611,183916,137,2,2,59.487,-0.0342,60.0,0.513,0,0,1,0.5674426999175921,67,209,2,60.3043,60.0,0.3043,1,1,1,0.4491898000705987,3,162,384
002,1,2,20260611,183918,138,2,2,51.5496,-0.5634,60.0,8.4504,0,1,0,0.3480208999244496,67,209,2,59.487,60.0,0.513,0,0,1,0.5674426999175921,3,162,385
002,1,2,20260611,183920,139,2,2,53.3594,-0.4427,60.0,6.6406,0,1,0,0.41569260007236153,67,209,2,51.5496,60.0,8.4504,0,1,0,0.3480208999244496,3,162,386
002,1,2,20260611,183922,140,2,2,46.0536,-0.9298,60.0,13.9464,0,0,1,0.23192300007212907,68,210,2,53.3594,60.0,6.6406,0,1,0,0.4156926000723615,3,162,387
002,1,2,20260611,183924,141,2,2,54.5701,-0.362,60.0,5.4299,0,1,0,0.48340669996105134,68,210,2,46.0536,60.0,13.9464,0,0,1,0.231923000072129,3,162,388
002,1,2,20260611,183926,142,2,2,69.3063,0.6204,60.0,9.3063,1,1,1,0.25086400005966425,69,211,2,54.5701,60.0,5.4299,0,1,0,0.4834066999610513,3,162,389
002,1,2,20260611,183928,143,2,2,46.7601,-0.8827,60.0,13.2399,0,0,1,0.1990593000082299,70,212,2,69.3063,60.0,9.3063,1,1,1,0.2508640000596642,3,162,390
002,1,2,20260611,183930,144,2,2,51.8905,-0.5406,60.0,8.1095,0,1,0,0.3136403999524191,70,212,2,46.7601,60.0,13.2399,0,0,1,0.1990593000082299,3,162,391
002,1,2,20260611,183932,145,2,2,53.4732,-0.4351,60.0,6.5268,0,1,0,0.16651290003210306,70,212,2,51.8905,60.0,8.1095,0,1,0,0.3136403999524191,3,162,392
002,1,2,20260611,183934,146,2,2,47.8593,-0.8094,60.0,12.1407,0,0,1,0.6659179999260232,71,213,2,53.4732,60.0,6.5268,0,1,0,0.166512900032103,3,162,393
002,1,2,20260611,183936,147,2,2,47.8455,-0.8103,60.0,12.1545,0,0,1,0.765027099987492,72,214,2,47.8593,60.0,12.1407,0,0,1,0.6659179999260232,3,162,394
002,1,2,20260611,183938,148,2,2,46.4949,-0.9003,60.0,13.5051,0,0,1,0.6497284999350086,73,215,2,47.8455,60.0,12.1545,0,0,1,0.765027099987492,3,162,395
002,1,2,20260611,183941,149,2,2,45.6921,-0.9539,60.0,14.3079,0,0,1,0.5651220999425277,74,216,2,46.4949,60.0,13.5051,0,0,1,0.6497284999350086,3,162,396
002,1,2,20260611,183943,150,2,2,67.5213,0.5014,60.0,7.5213,1,1,1,0.3652080000611022,75,217,2,45.6921,60.0,14.3079,0,0,1,0.5651220999425277,3,162,397
002,1,2,20260611,183945,151,2,2,67.1099,0.474,60.0,7.1099,1,1,1,0.45021500007715076,76,218,2,67.5213,60.0,7.5213,1,1,1,0.3652080000611022,3,162,398
002,1,2,20260611,183947,152,2,2,63.6206,0.2414,60.0,3.6206,1,1,1,0.29798760008998215,77,219,2,67.1099,60.0,7.1099,1,1,1,0.4502150000771507,3,162,399
002,1,2,20260611,183948,153,2,2,66.5468,0.4365,60.0,6.5468,1,0,0,0.5330618000589311,77,219,2,63.6206,60.0,3.6206,1,1,1,0.2979876000899821,3,162,400
002,1,2,20260611,183951,154,2,2,59.3931,-0.0405,60.0,0.6069,0,0,1,0.5327849000459537,78,220,2,66.5468,60.0,6.5468,1,0,0,0.5330618000589311,3,162,401
002,1,2,20260611,183953,155,2,2,61.1697,0.078,60.0,1.1697,1,1,1,0.48151239997241646,79,221,2,59.3931,60.0,0.6069,0,0,1,0.5327849000459537,3,162,402
002,1,2,20260611,183955,156,2,2,47.4033,-0.8398,60.0,12.5967,0,0,1,0.5996584000531584,80,222,2,61.1697,60.0,1.1697,1,1,1,0.4815123999724164,3,162,403
002,1,2,20260611,183957,157,2,2,60.4375,0.0292,60.0,0.4375,1,0,0,0.6493309000506997,80,222,2,47.4033,60.0,12.5967,0,0,1,0.5996584000531584,3,162,404
002,1,2,20260611,183959,158,2,2,46.4314,-0.9046,60.0,13.5686,0,0,1,0.4310655000153929,81,223,2,60.4375,60.0,0.4375,1,0,0,0.6493309000506997,3,162,405
002,1,2,20260611,184001,159,2,2,70.7702,0.718,60.0,10.7702,1,1,1,0.634431799990125,82,224,2,46.4314,60.0,13.5686,0,0,1,0.4310655000153929,3,162,406
002,1,2,20260611,184004,160,2,2,49.3795,-0.708,60.0,10.6205,0,0,1,0.4655502000823617,83,225,2,70.7702,60.0,10.7702,1,1,1,0.634431799990125,3,162,407
002,1,2,20260611,184006,161,2,2,49.9241,-0.6717,60.0,10.0759,0,1,0,0.4976748999906704,83,225,2,49.3795,60.0,10.6205,0,0,1,0.4655502000823617,3,162,408
002,1,2,20260611,184008,162,2,2,64.4946,0.2996,60.0,4.4946,1,0,0,0.2842987000476569,83,225,2,49.9241,60.0,10.0759,0,1,0,0.4976748999906704,3,162,409
002,1,2,20260611,184010,1,3,1,55.069,-0.3287,60.0,4.931,0,1,0,0.4471295999828726,0,225,2,64.4946,60.0,4.4946,1,0,0,0.2842987000476569,3,191,410
002,1,2,20260611,184013,2,3,1,59.0136,-0.0658,60.0,0.9864,0,1,0,0.4809845000272617,0,225,1,55.069,60.0,4.931,0,1,0,0.4471295999828726,3,191,411
002,1,2,20260611,184015,3,3,1,71.6465,0.7764,60.0,11.6465,1,0,0,0.38251829997170717,0,225,1,59.0136,60.0,0.9864,0,1,0,0.4809845000272617,3,191,412
002,1,2,20260611,184017,4,3,1,65.5637,0.3709,60.0,5.5637,1,1,1,0.33179419999942183,1,226,1,71.6465,60.0,11.6465,1,0,0,0.3825182999717071,3,191,413
002,1,2,20260611,184018,5,3,1,64.9735,0.3316,60.0,4.9735,1,0,0,0.38186409999616444,1,226,1,65.5637,60.0,5.5637,1,1,1,0.3317941999994218,3,191,414
002,1,2,20260611,184020,6,3,1,56.5051,-0.233,60.0,3.4949,0,0,1,0.6640593000920489,2,227,1,64.9735,60.0,4.9735,1,0,0,0.3818640999961644,3,191,415
002,1,2,20260611,184023,7,3,1,72.1102,0.8073,60.0,12.1102,1,1,1,0.682983500068076,3,228,1,56.5051,60.0,3.4949,0,0,1,0.6640593000920489,3,191,416
002,1,2,20260611,184025,8,3,1,63.3784,0.2252,60.0,3.3784,1,1,1,0.49935649998951703,4,229,1,72.1102,60.0,12.1102,1,1,1,0.682983500068076,3,191,417
002,1,2,20260611,184027,9,3,1,72.2585,0.8172,60.0,12.2585,1,1,1,1.0501843000529334,5,230,1,63.3784,60.0,3.3784,1,1,1,0.499356499989517,3,191,418
002,1,2,20260611,184030,10,3,1,68.3378,0.5559,60.0,8.3378,1,1,1,0.6168595999479294,6,231,1,72.2585,60.0,12.2585,1,1,1,1.0501843000529334,3,191,419
002,1,2,20260611,184032,11,3,1,59.1164,-0.0589,60.0,0.8836,0,0,1,0.8328919999767095,7,232,1,68.3378,60.0,8.3378,1,1,1,0.6168595999479294,3,191,420
002,1,2,20260611,184035,12,3,1,46.411,-0.9059,60.0,13.589,0,1,0,0.65084450005088,7,232,1,59.1164,60.0,0.8836,0,0,1,0.8328919999767095,3,191,421
002,1,2,20260611,184037,13,3,1,68.0554,0.537,60.0,8.0554,1,1,1,0.7642285999609157,8,233,1,46.411,60.0,13.589,0,1,0,0.65084450005088,3,191,422
002,1,2,20260611,184039,14,3,1,68.5572,0.5705,60.0,8.5572,1,0,0,0.2988249999471009,8,233,1,68.0554,60.0,8.0554,1,1,1,0.7642285999609157,3,191,423
002,1,2,20260611,184041,15,3,1,61.9627,0.1308,60.0,1.9627,1,1,1,0.2820049000438303,9,234,1,68.5572,60.0,8.5572,1,0,0,0.2988249999471009,3,191,424
002,1,2,20260611,184043,16,3,1,54.7282,-0.3515,60.0,5.2718,0,1,0,0.26478249998763204,9,234,1,61.9627,60.0,1.9627,1,1,1,0.2820049000438303,3,191,425
002,1,2,20260611,184045,17,3,1,55.1066,-0.3262,60.0,4.8934,0,1,0,0.33231339999474585,9,234,1,54.7282,60.0,5.2718,0,1,0,0.264782499987632,3,191,426
002,1,2,20260611,184047,18,3,1,70.9755,0.7317,60.0,10.9755,1,0,0,0.3632748000090942,9,234,1,55.1066,60.0,4.8934,0,1,0,0.3323133999947458,3,191,427
002,1,2,20260611,184049,19,3,1,71.0231,0.7349,60.0,11.0231,1,1,1,0.33284190006088465,10,235,1,70.9755,60.0,10.9755,1,0,0,0.3632748000090942,3,191,428
002,1,2,20260611,184051,20,3,1,70.5285,0.7019,60.0,10.5285,1,0,0,0.25034440006129444,10,235,1,71.0231,60.0,11.0231,1,1,1,0.3328419000608846,3,191,429
002,1,2,20260611,184052,21,3,1,51.9177,-0.5388,60.0,8.0823,0,1,0,0.2815104000037536,10,235,1,70.5285,60.0,10.5285,1,0,0,0.2503444000612944,3,191,430
002,1,2,20260611,184054,22,3,1,48.9395,-0.7374,60.0,11.0605,0,0,1,0.2652615000260994,11,236,1,51.9177,60.0,8.0823,0,1,0,0.2815104000037536,3,191,431
002,1,2,20260611,184056,23,3,1,59.7789,-0.0147,60.0,0.2211,0,1,0,0.34702690003905445,11,236,1,48.9395,60.0,11.0605,0,0,1,0.2652615000260994,3,191,432
002,1,2,20260611,184058,24,3,1,59.0942,-0.0604,60.0,0.9058,0,0,1,0.19852129998616874,12,237,1,59.7789,60.0,0.2211,0,1,0,0.3470269000390544,3,191,433
002,1,2,20260611,184100,25,3,1,49.128,-0.7248,60.0,10.872,0,1,0,0.34648539999034256,12,237,1,59.0942,60.0,0.9058,0,0,1,0.1985212999861687,3,191,434
002,1,2,20260611,184102,26,3,1,53.7301,-0.418,60.0,6.2699,0,0,1,0.2503901000600308,13,238,1,49.128,60.0,10.872,0,1,0,0.3464853999903425,3,191,435
002,1,2,20260611,184104,27,3,1,62.8424,0.1895,60.0,2.8424,1,0,0,0.3183783999411389,13,238,1,53.7301,60.0,6.2699,0,0,1,0.2503901000600308,3,191,436
002,1,2,20260611,184106,28,3,1,66.0291,0.4019,60.0,6.0291,1,1,1,0.3511892999522388,14,239,1,62.8424,60.0,2.8424,1,0,0,0.3183783999411389,3,191,437
002,1,2,20260611,184108,29,3,1,56.2661,-0.2489,60.0,3.7339,0,0,1,0.2985708999913186,15,240,1,66.0291,60.0,6.0291,1,1,1,0.3511892999522388,3,191,438
002,1,2,20260611,184113,30,3,1,65.838,0.3892,60.0,5.838,1,1,1,1.3514863000018522,16,241,1,56.2661,60.0,3.7339,0,0,1,0.2985708999913186,3,191,439
002,1,2,20260611,184116,31,3,1,64.4498,0.2967,60.0,4.4498,1,1,1,1.6335173000115901,17,242,1,65.838,60.0,5.838,1,1,1,1.3514863000018522,3,191,440
002,1,2,20260611,184119,32,3,1,72.227,0.8151,60.0,12.227,1,1,1,0.26588409999385476,18,243,1,64.4498,60.0,4.4498,1,1,1,1.63351730001159,3,191,441
002,1,2,20260611,184121,33,3,1,55.7513,-0.2832,60.0,4.2487,0,1,0,0.3985552000813186,18,243,1,72.227,60.0,12.227,1,1,1,0.2658840999938547,3,191,442
002,1,2,20260611,184123,34,3,1,60.3724,0.0248,60.0,0.3724,1,-1,-1,-1,18,243,1,55.7513,60.0,4.2487,0,1,0,0.3985552000813186,3,191,443
002,1,2,20260611,184130,35,3,1,56.6986,-0.2201,60.0,3.3014,0,-1,-1,-1,18,243,1,60.3724,60.0,0.3724,1,-1,-1,-1.0,3,191,444
002,1,2,20260611,184136,36,3,1,56.9953,-0.2003,60.0,3.0047,0,-1,-1,-1,18,243,1,56.6986,60.0,3.3014,0,-1,-1,-1.0,3,191,445
002,1,2,20260611,184152,37,3,1,65.8994,0.3933,60.0,5.8994,1,0,0,0.5157750000944361,18,243,1,56.9953,60.0,3.0047,0,-1,-1,-1.0,3,191,446
002,1,2,20260611,184157,38,3,1,58.8959,-0.0736,60.0,1.1041,0,0,1,3.9860811000689864,19,244,1,65.8994,60.0,5.8994,1,0,0,0.5157750000944361,3,191,447
002,1,2,20260611,184205,39,3,1,58.5874,-0.0942,60.0,1.4126,0,-1,-1,-1,19,244,1,58.8959,60.0,1.1041,0,0,1,3.9860811000689855,3,191,448
002,1,2,20260611,184214,40,3,1,69.7064,0.6471,60.0,9.7064,1,-1,-1,-1,19,244,1,58.5874,60.0,1.4126,0,-1,-1,-1.0,3,191,449
002,1,2,20260611,184222,41,3,1,68.491,0.5661,60.0,8.491,1,-1,-1,-1,19,244,1,69.7064,60.0,9.7064,1,-1,-1,-1.0,3,191,450
002,1,2,20260611,184235,42,3,1,72.158,0.8105,60.0,12.158,1,0,0,0.46599409996997565,19,244,1,68.491,60.0,8.491,1,-1,-1,-1.0,3,191,451
002,1,2,20260611,184237,43,3,1,67.7293,0.5153,60.0,7.7293,1,0,0,0.3633397000376135,19,244,1,72.158,60.0,12.158,1,0,0,0.4659940999699756,3,191,452
002,1,2,20260611,184239,44,3,1,55.5674,-0.2955,60.0,4.4326,0,0,1,0.2678364000748843,20,245,1,67.7293,60.0,7.7293,1,0,0,0.3633397000376135,3,191,453
002,1,2,20260611,184241,45,3,1,67.4179,0.4945,60.0,7.4179,1,1,1,0.39692440000362694,21,246,1,55.5674,60.0,4.4326,0,0,1,0.2678364000748843,3,191,454
002,1,2,20260611,184243,46,3,1,73.7766,0.9184,60.0,13.7766,1,1,1,0.366952900076285,22,247,1,67.4179,60.0,7.4179,1,1,1,0.3969244000036269,3,191,455
002,1,2,20260611,184245,47,3,1,55.4966,-0.3002,60.0,4.5034,0,0,1,0.7157593999290839,23,248,1,73.7766,60.0,13.7766,1,1,1,0.366952900076285,3,191,456
002,1,2,20260611,184250,48,3,1,54.4542,-0.3697,60.0,5.5458,0,1,0,4.6846521000843495,23,248,1,55.4966,60.0,4.5034,0,0,1,0.7157593999290839,3,191,457
002,1,2,20260611,184256,49,3,1,62.8521,0.1901,60.0,2.8521,1,0,0,0.44859919999726117,23,248,1,54.4542,60.0,5.5458,0,1,0,4.6846521000843495,3,191,458
002,1,2,20260611,184258,50,3,1,68.6979,0.5799,60.0,8.6979,1,1,1,0.3157695000991225,24,249,1,62.8521,60.0,2.8521,1,0,0,0.4485991999972611,3,191,459
002,1,2,20260611,184300,51,3,1,59.2718,-0.0485,60.0,0.7282,0,1,0,0.5493936000857502,24,249,1,68.6979,60.0,8.6979,1,1,1,0.3157695000991225,3,191,460
002,1,2,20260611,184302,52,3,1,57.7769,-0.1482,60.0,2.2231,0,1,0,0.2670709000667557,24,249,1,59.2718,60.0,0.7282,0,1,0,0.5493936000857502,3,191,461
002,1,2,20260611,184304,53,3,1,46.8249,-0.8783,60.0,13.1751,0,0,1,0.2157012999523431,25,250,1,57.7769,60.0,2.2231,0,1,0,0.2670709000667557,3,191,462
002,1,2,20260611,184306,54,3,1,55.3644,-0.309,60.0,4.6356,0,0,1,0.3673499000724405,26,251,1,46.8249,60.0,13.1751,0,0,1,0.2157012999523431,3,191,463
002,1,2,20260611,184308,55,3,1,65.4692,0.3646,60.0,5.4692,1,1,1,0.38292479992378503,27,252,1,55.3644,60.0,4.6356,0,0,1,0.3673499000724405,3,191,464
002,1,2,20260611,184310,56,3,1,70.8393,0.7226,60.0,10.8393,1,0,0,0.34917369997128844,27,252,1,65.4692,60.0,5.4692,1,1,1,0.382924799923785,3,191,465
002,1,2,20260611,184312,57,3,1,56.9729,-0.2018,60.0,3.0271,0,0,1,0.2478397999657318,28,253,1,70.8393,60.0,10.8393,1,0,0,0.3491736999712884,3,191,466
002,1,2,20260611,184314,58,3,1,59.5366,-0.0309,60.0,0.4634,0,0,1,0.21622969990130514,29,254,1,56.9729,60.0,3.0271,0,0,1,0.2478397999657318,3,191,467
002,1,2,20260611,184315,59,3,1,61.9363,0.1291,60.0,1.9363,1,0,0,0.25080080004408956,29,254,1,59.5366,60.0,0.4634,0,0,1,0.2162296999013051,3,191,468
002,1,2,20260611,184317,60,3,1,59.1833,-0.0544,60.0,0.8167,0,0,1,0.2322647999972105,30,255,1,61.9363,60.0,1.9363,1,0,0,0.2508008000440895,3,191,469
002,1,2,20260611,184319,61,3,1,53.1153,-0.459,60.0,6.8847,0,0,1,0.3501305999234319,31,256,1,59.1833,60.0,0.8167,0,0,1,0.2322647999972105,3,191,470
002,1,2,20260611,184321,62,3,1,58.2738,-0.1151,60.0,1.7262,0,0,1,0.33115530002396554,32,257,1,53.1153,60.0,6.8847,0,0,1,0.3501305999234319,3,191,471
002,1,2,20260611,184323,63,3,1,54.1206,-0.392,60.0,5.8794,0,0,1,0.21455480006989092,33,258,1,58.2738,60.0,1.7262,0,0,1,0.3311553000239655,3,191,472
002,1,2,20260611,184325,64,3,1,66.8676,0.4578,60.0,6.8676,1,0,0,0.24739489995408803,33,258,1,54.1206,60.0,5.8794,0,0,1,0.2145548000698909,3,191,473
002,1,2,20260611,184327,65,3,1,60.4631,0.0309,60.0,0.4631,1,0,0,0.3164007000159472,33,258,1,66.8676,60.0,6.8676,1,0,0,0.247394899954088,3,191,474
002,1,2,20260611,184329,66,3,1,67.217,0.4811,60.0,7.217,1,0,0,0.26396899996325374,33,258,1,60.4631,60.0,0.4631,1,0,0,0.3164007000159472,3,191,475
002,1,2,20260611,184337,67,3,1,56.6254,-0.225,60.0,3.3746,0,1,0,0.9980138000100851,33,258,1,67.217,60.0,7.217,1,0,0,0.2639689999632537,3,191,476
002,1,2,20260611,184340,68,3,1,64.9058,0.3271,60.0,4.9058,1,1,1,0.2994864000938833,34,259,1,56.6254,60.0,3.3746,0,1,0,0.9980138000100852,3,191,477
002,1,2,20260611,184342,69,3,1,69.9654,0.6644,60.0,9.9654,1,1,1,0.34920930000953376,35,260,1,64.9058,60.0,4.9058,1,1,1,0.2994864000938833,3,191,478
002,1,2,20260611,184344,70,3,1,69.0876,0.6058,60.0,9.0876,1,1,1,0.5688817000482231,36,261,1,69.9654,60.0,9.9654,1,1,1,0.3492093000095337,3,191,479
002,1,2,20260611,184346,71,3,1,54.5046,-0.3664,60.0,5.4954,0,0,1,0.3501111000077799,37,262,1,69.0876,60.0,9.0876,1,1,1,0.5688817000482231,3,191,480
002,1,2,20260611,184348,72,3,1,74.8992,0.9933,60.0,14.8992,1,1,1,0.28424680000171065,38,263,1,54.5046,60.0,5.4954,0,0,1,0.3501111000077799,3,191,481
002,1,2,20260611,184350,73,3,1,48.0344,-0.7977,60.0,11.9656,0,0,1,0.3159540999913588,39,264,1,74.8992,60.0,14.8992,1,1,1,0.2842468000017106,3,191,482
002,1,2,20260611,184352,74,3,1,48.2502,-0.7833,60.0,11.7498,0,1,0,0.2831965999212116,39,264,1,48.0344,60.0,11.9656,0,0,1,0.3159540999913588,3,191,483
002,1,2,20260611,184354,75,3,1,65.3015,0.3534,60.0,5.3015,1,1,1,0.3325252999784425,40,265,1,48.2502,60.0,11.7498,0,1,0,0.2831965999212116,3,191,484
002,1,2,20260611,184356,76,3,1,49.3549,-0.7097,60.0,10.6451,0,1,0,0.2657603999832645,40,265,1,65.3015,60.0,5.3015,1,1,1,0.3325252999784425,3,191,485
002,1,2,20260611,184358,77,3,1,64.2328,0.2822,60.0,4.2328,1,0,0,0.3482979000546038,40,265,1,49.3549,60.0,10.6451,0,1,0,0.2657603999832645,3,191,486
002,1,2,20260611,184400,78,3,1,57.0295,-0.198,60.0,2.9705,0,1,0,0.23258499999064952,40,265,1,64.2328,60.0,4.2328,1,0,0,0.3482979000546038,3,191,487
002,1,2,20260611,184402,79,3,1,59.865,-0.009,60.0,0.135,0,0,1,0.2660712000215426,41,266,1,57.0295,60.0,2.9705,0,1,0,0.2325849999906495,3,191,488
002,1,2,20260611,184404,80,3,1,67.1909,0.4794,60.0,7.1909,1,-1,-1,-1,41,266,1,59.865,60.0,0.135,0,0,1,0.2660712000215426,3,191,489
002,1,2,20260611,184413,81,3,1,53.5325,-0.4312,60.0,6.4675,0,1,0,0.29809940000995994,41,266,1,67.1909,60.0,7.1909,1,-1,-1,-1.0,3,191,490
002,1,2,20260611,184415,82,3,1,53.2741,-0.4484,60.0,6.7259,0,0,1,3.4177308999933302,42,267,1,53.5325,60.0,6.4675,0,1,0,0.2980994000099599,3,191,491
002,1,2,20260611,184420,83,3,1,65.3193,0.3546,60.0,5.3193,1,0,0,0.39825530000962317,42,267,1,53.2741,60.0,6.7259,0,0,1,3.4177308999933302,3,191,492
002,1,2,20260611,184422,84,3,1,58.4448,-0.1037,60.0,1.5552,0,0,1,0.3329010000452399,43,268,1,65.3193,60.0,5.3193,1,0,0,0.3982553000096231,3,191,493
002,1,2,20260611,184425,85,3,1,51.6957,-0.5536,60.0,8.3043,0,1,0,0.5151478000916541,43,268,1,58.4448,60.0,1.5552,0,0,1,0.3329010000452399,3,191,494
002,1,2,20260611,184427,86,3,1,56.8035,-0.2131,60.0,3.1965,0,0,1,0.4151428999612108,44,269,1,51.6957,60.0,8.3043,0,1,0,0.5151478000916541,3,191,495
002,1,2,20260611,184429,87,3,1,57.9176,-0.1388,60.0,2.0824,0,1,0,0.40075719996821135,44,269,1,56.8035,60.0,3.1965,0,0,1,0.4151428999612108,3,191,496
002,1,2,20260611,184432,88,3,1,62.8581,0.1905,60.0,2.8581,1,1,1,0.3487641999963671,45,270,1,57.9176,60.0,2.0824,0,1,0,0.4007571999682113,3,191,497
002,1,2,20260611,184434,89,3,1,58.8344,-0.0777,60.0,1.1656,0,0,1,0.3990336999995634,46,271,1,62.8581,60.0,2.8581,1,1,1,0.3487641999963671,3,191,498
002,1,2,20260611,184436,90,3,1,68.3285,0.5552,60.0,8.3285,1,1,1,0.4662563999881968,47,272,1,58.8344,60.0,1.1656,0,0,1,0.3990336999995634,3,191,499
002,1,2,20260611,184438,91,3,1,65.903,0.3935,60.0,5.903,1,0,0,0.8660892000189051,47,272,1,68.3285,60.0,8.3285,1,1,1,0.4662563999881968,3,191,500
002,1,2,20260611,184440,92,3,1,52.1172,-0.5255,60.0,7.8828,0,1,0,0.3008063000161201,47,272,1,65.903,60.0,5.903,1,0,0,0.8660892000189051,3,191,501
002,1,2,20260611,184442,93,3,1,64.2037,0.2802,60.0,4.2037,1,0,0,0.4806928999023512,47,272,1,52.1172,60.0,7.8828,0,1,0,0.3008063000161201,3,191,502
002,1,2,20260611,184444,94,3,1,50.7281,-0.6181,60.0,9.2719,0,0,1,0.3324759000679478,48,273,1,64.2037,60.0,4.2037,1,0,0,0.4806928999023512,3,191,503
002,1,2,20260611,184446,95,3,1,56.5119,-0.2325,60.0,3.4881,0,0,1,0.26535050000529736,49,274,1,50.7281,60.0,9.2719,0,0,1,0.3324759000679478,3,191,504
002,1,2,20260611,184448,96,3,1,58.2835,-0.1144,60.0,1.7165,0,1,0,0.3812161000678316,49,274,1,56.5119,60.0,3.4881,0,0,1,0.2653505000052973,3,191,505
002,1,2,20260611,184450,97,3,1,59.4614,-0.0359,60.0,0.5386,0,0,1,0.3821120999054983,50,275,1,58.2835,60.0,1.7165,0,1,0,0.3812161000678316,3,191,506
002,1,2,20260611,184452,98,3,1,62.0595,0.1373,60.0,2.0595,1,1,1,0.2666943999938667,51,276,1,59.4614,60.0,0.5386,0,0,1,0.3821120999054983,3,191,507
002,1,2,20260611,184454,99,3,1,50.3899,-0.6407,60.0,9.6101,0,0,1,0.33402270008809865,52,277,1,62.0595,60.0,2.0595,1,1,1,0.2666943999938667,3,191,508
002,1,2,20260611,184456,100,3,1,65.4942,0.3663,60.0,5.4942,1,0,0,0.21547840000130236,52,277,1,50.3899,60.0,9.6101,0,0,1,0.3340227000880986,3,191,509
002,1,2,20260611,184458,101,3,1,57.413,-0.1725,60.0,2.587,0,1,0,0.532293500029482,52,277,1,65.4942,60.0,5.4942,1,0,0,0.2154784000013023,3,191,510
002,1,2,20260611,184500,102,3,1,67.3692,0.4913,60.0,7.3692,1,1,1,0.20041809999383986,53,278,1,57.413,60.0,2.587,0,1,0,0.532293500029482,3,191,511
002,1,2,20260611,184502,103,3,1,58.6841,-0.0877,60.0,1.3159,0,1,0,0.38216130004730076,53,278,1,67.3692,60.0,7.3692,1,1,1,0.2004180999938398,3,191,512
002,1,2,20260611,184505,104,3,1,53.0211,-0.4653,60.0,6.9789,0,0,1,0.3829223000211641,54,279,1,58.6841,60.0,1.3159,0,1,0,0.3821613000473007,3,191,513
002,1,2,20260611,184507,105,3,1,70.8697,0.7246,60.0,10.8697,1,0,0,0.3816052000038326,54,279,1,53.0211,60.0,6.9789,0,0,1,0.3829223000211641,3,191,514
002,1,2,20260611,184509,106,3,1,63.9931,0.2662,60.0,3.9931,1,1,1,0.3830139000201598,55,280,1,70.8697,60.0,10.8697,1,0,0,0.3816052000038326,3,191,515
002,1,2,20260611,184511,107,3,1,63.7933,0.2529,60.0,3.7933,1,1,1,0.21412270003929734,56,281,1,63.9931,60.0,3.9931,1,1,1,0.3830139000201598,3,191,516
002,1,2,20260611,184513,108,3,1,57.5825,-0.1612,60.0,2.4175,0,0,1,0.2361745999660343,57,282,1,63.7933,60.0,3.7933,1,1,1,0.2141227000392973,3,191,517
002,1,2,20260611,184515,109,3,1,58.328,-0.1115,60.0,1.672,0,0,1,0.4153201000299305,58,283,1,57.5825,60.0,2.4175,0,0,1,0.2361745999660343,3,191,518
002,1,2,20260611,184517,110,3,1,63.5913,0.2394,60.0,3.5913,1,0,0,0.26858070003800094,58,283,1,58.328,60.0,1.672,0,0,1,0.4153201000299305,3,191,519
002,1,2,20260611,184519,111,3,1,58.9971,-0.0669,60.0,1.0029,0,1,0,0.33336269995197654,58,283,1,63.5913,60.0,3.5913,1,0,0,0.2685807000380009,3,191,520
002,1,2,20260611,184521,112,3,1,72.2147,0.8143,60.0,12.2147,1,0,0,0.36582279996946454,58,283,1,58.9971,60.0,1.0029,0,1,0,0.3333626999519765,3,191,521
002,1,2,20260611,184523,113,3,1,53.5523,-0.4298,60.0,6.4477,0,1,0,0.41614129999652505,58,283,1,72.2147,60.0,12.2147,1,0,0,0.3658227999694645,3,191,522
002,1,2,20260611,184525,114,3,1,71.6464,0.7764,60.0,11.6464,1,0,0,0.38142200000584126,58,283,1,53.5523,60.0,6.4477,0,1,0,0.416141299996525,3,191,523
002,1,2,20260611,184527,115,3,1,74.0412,0.9361,60.0,14.0412,1,0,0,0.28060309996362776,58,283,1,71.6464,60.0,11.6464,1,0,0,0.3814220000058412,3,191,524
002,1,2,20260611,184529,116,3,1,67.9081,0.5272,60.0,7.9081,1,1,1,0.3977519000181928,59,284,1,74.0412,60.0,14.0412,1,0,0,0.2806030999636277,3,191,525
002,1,2,20260611,184531,117,3,1,70.7797,0.7186,60.0,10.7797,1,0,0,0.3148469999432564,59,284,1,67.9081,60.0,7.9081,1,1,1,0.3977519000181928,3,191,526
002,1,2,20260611,184533,118,3,1,72.6522,0.8435,60.0,12.6522,1,1,1,0.6667331999633461,60,285,1,70.7797,60.0,10.7797,1,0,0,0.3148469999432564,3,191,527
002,1,2,20260611,184535,119,3,1,58.7909,-0.0806,60.0,1.2091,0,1,0,0.35147700004745275,60,285,1,72.6522,60.0,12.6522,1,1,1,0.6667331999633461,3,191,528
002,1,2,20260611,184537,120,3,1,57.9601,-0.136,60.0,2.0399,0,0,1,0.3975194999948144,61,286,1,58.7909,60.0,1.2091,0,1,0,0.3514770000474527,3,191,529
002,1,2,20260611,184539,121,3,1,50.2487,-0.6501,60.0,9.7513,0,1,0,0.29963030002545565,61,286,1,57.9601,60.0,2.0399,0,0,1,0.3975194999948144,3,191,530
002,1,2,20260611,184541,122,3,1,68.1248,0.5417,60.0,8.1248,1,0,0,0.23194759991019964,61,286,1,50.2487,60.0,9.7513,0,1,0,0.2996303000254556,3,191,531
002,1,2,20260611,184543,123,3,1,57.3219,-0.1785,60.0,2.6781,0,1,0,0.23427470005117357,61,286,1,68.1248,60.0,8.1248,1,0,0,0.2319475999101996,3,191,532
002,1,2,20260611,184545,124,3,1,54.2662,-0.3823,60.0,5.7338,0,0,1,0.18189400003757328,62,287,1,57.3219,60.0,2.6781,0,1,0,0.2342747000511735,3,191,533
002,1,2,20260611,184546,125,3,1,74.5573,0.9705,60.0,14.5573,1,0,0,0.2995399999199435,62,287,1,54.2662,60.0,5.7338,0,0,1,0.1818940000375732,3,191,534
002,1,2,20260611,184549,126,3,1,51.1073,-0.5928,60.0,8.8927,0,1,0,0.3163028999697417,62,287,1,74.5573,60.0,14.5573,1,0,0,0.2995399999199435,3,191,535
002,1,2,20260611,184551,127,3,1,48.3211,-0.7786,60.0,11.6789,0,1,0,0.5817671000258997,62,287,1,51.1073,60.0,8.8927,0,1,0,0.3163028999697417,3,191,536
002,1,2,20260611,184559,128,3,1,65.2887,0.3526,60.0,5.2887,1,0,0,0.4998590999748558,62,287,1,48.3211,60.0,11.6789,0,1,0,0.5817671000258997,3,191,537
002,1,2,20260611,184602,129,3,1,54.1539,-0.3897,60.0,5.8461,0,0,1,0.3811767000006512,63,288,1,65.2887,60.0,5.2887,1,0,0,0.4998590999748558,3,191,538
002,1,2,20260611,184604,130,3,1,49.4724,-0.7018,60.0,10.5276,0,0,1,0.19949259993154556,64,289,1,54.1539,60.0,5.8461,0,0,1,0.3811767000006512,3,191,539
002,1,2,20260611,184605,131,3,1,52.0064,-0.5329,60.0,7.9936,0,0,1,0.24719889997504652,65,290,1,49.4724,60.0,10.5276,0,0,1,0.1994925999315455,3,191,540
002,1,2,20260611,184607,132,3,1,62.6323,0.1755,60.0,2.6323,1,0,0,0.3162083000643179,65,290,1,52.0064,60.0,7.9936,0,0,1,0.2471988999750465,3,191,541
002,1,2,20260611,184609,133,3,1,53.0059,-0.4663,60.0,6.9941,0,1,0,0.2157846000045538,65,290,1,62.6323,60.0,2.6323,1,0,0,0.3162083000643179,3,191,542
002,1,2,20260611,184611,134,3,1,46.5136,-0.8991,60.0,13.4864,0,0,1,0.2163797999965027,66,291,1,53.0059,60.0,6.9941,0,1,0,0.2157846000045538,3,191,543
002,1,2,20260611,184613,135,3,1,68.9126,0.5942,60.0,8.9126,1,1,1,0.2838538000360131,67,292,1,46.5136,60.0,13.4864,0,0,1,0.2163797999965027,3,191,544
002,1,2,20260611,184615,136,3,1,51.1893,-0.5874,60.0,8.8107,0,1,0,0.2844255999661982,67,292,1,68.9126,60.0,8.9126,1,1,1,0.2838538000360131,3,191,545
002,1,2,20260611,184617,137,3,1,56.1738,-0.2551,60.0,3.8262,0,0,1,0.26679130003321916,68,293,1,51.1893,60.0,8.8107,0,1,0,0.2844255999661982,3,191,546
002,1,2,20260611,184619,138,3,1,51.044,-0.5971,60.0,8.956,0,1,0,0.23205069999676198,68,293,1,56.1738,60.0,3.8262,0,0,1,0.2667913000332191,3,191,547
002,1,2,20260611,184621,139,3,1,62.6502,0.1767,60.0,2.6502,1,0,0,0.2657329000066966,68,293,1,51.044,60.0,8.956,0,1,0,0.2320506999967619,3,191,548
002,1,2,20260611,184622,140,3,1,57.801,-0.1466,60.0,2.199,0,1,0,0.23231190000660717,68,293,1,62.6502,60.0,2.6502,1,0,0,0.2657329000066966,3,191,549
002,1,2,20260611,184624,141,3,1,56.003,-0.2665,60.0,3.997,0,0,1,0.2483603999717161,69,294,1,57.801,60.0,2.199,0,1,0,0.2323119000066071,3,191,550
002,1,2,20260611,184626,142,3,1,52.3826,-0.5078,60.0,7.6174,0,0,1,0.28159489994868636,70,295,1,56.003,60.0,3.997,0,0,1,0.2483603999717161,3,191,551
002,1,2,20260611,184628,143,3,1,62.3157,0.1544,60.0,2.3157,1,1,1,0.1995255999499932,71,296,1,52.3826,60.0,7.6174,0,0,1,0.2815948999486863,3,191,552
002,1,2,20260611,184630,144,3,1,70.7444,0.7163,60.0,10.7444,1,1,1,0.2008865000680089,72,297,1,62.3157,60.0,2.3157,1,1,1,0.1995255999499932,3,191,553
002,1,2,20260611,184632,145,3,1,47.5376,-0.8308,60.0,12.4624,0,1,0,0.2491740999976173,72,297,1,70.7444,60.0,10.7444,1,1,1,0.2008865000680089,3,191,554
002,1,2,20260611,184634,146,3,1,56.1853,-0.2543,60.0,3.8147,0,1,0,0.3316373999696225,72,297,1,47.5376,60.0,12.4624,0,1,0,0.2491740999976173,3,191,555
002,1,2,20260611,184635,147,3,1,51.7218,-0.5519,60.0,8.2782,0,1,0,0.24918539996724576,72,297,1,56.1853,60.0,3.8147,0,1,0,0.3316373999696225,3,191,556
002,1,2,20260611,184637,148,3,1,64.6667,0.3111,60.0,4.6667,1,1,1,0.28169859992340207,73,298,1,51.7218,60.0,8.2782,0,1,0,0.2491853999672457,3,191,557
002,1,2,20260611,184639,149,3,1,57.2194,-0.1854,60.0,2.7806,0,1,0,0.2659037000266835,73,298,1,64.6667,60.0,4.6667,1,1,1,0.281698599923402,3,191,558
002,1,2,20260611,184641,150,3,1,68.9642,0.5976,60.0,8.9642,1,0,0,0.33324519998859614,73,298,1,57.2194,60.0,2.7806,0,1,0,0.2659037000266835,3,191,559
002,1,2,20260611,184643,151,3,1,71.3163,0.7544,60.0,11.3163,1,0,0,0.3492248000111431,73,298,1,68.9642,60.0,8.9642,1,0,0,0.3332451999885961,3,191,560
002,1,2,20260611,184645,152,3,1,57.2062,-0.1863,60.0,2.7938,0,1,0,0.3147764999885112,73,298,1,71.3163,60.0,11.3163,1,0,0,0.3492248000111431,3,191,561
002,1,2,20260611,184647,153,3,1,57.344,-0.1771,60.0,2.656,0,0,1,0.2802767999237403,74,299,1,57.2062,60.0,2.7938,0,1,0,0.3147764999885112,3,191,562
002,1,2,20260611,184649,154,3,1,48.6135,-0.7591,60.0,11.3865,0,1,0,0.2995058000087738,74,299,1,57.344,60.0,2.656,0,0,1,0.2802767999237403,3,191,563
002,1,2,20260611,184651,155,3,1,54.0143,-0.399,60.0,5.9857,0,1,0,0.19949709996581078,74,299,1,48.6135,60.0,11.3865,0,1,0,0.2995058000087738,3,191,564
002,1,2,20260611,184653,156,3,1,60.9445,0.063,60.0,0.9445,1,1,1,0.29788640001788735,75,300,1,54.0143,60.0,5.9857,0,1,0,0.1994970999658107,3,191,565
002,1,2,20260611,184655,157,3,1,55.596,-0.2936,60.0,4.404,0,0,1,0.34920910000801086,76,301,1,60.9445,60.0,0.9445,1,1,1,0.2978864000178873,3,191,566
002,1,2,20260611,184657,158,3,1,53.6858,-0.4209,60.0,6.3142,0,0,1,0.4831604000646621,77,302,1,55.596,60.0,4.404,0,0,1,0.3492091000080108,3,191,567
002,1,2,20260611,184700,159,3,1,56.0829,-0.2611,60.0,3.9171,0,0,1,0.29870299994945526,78,303,1,53.6858,60.0,6.3142,0,0,1,0.4831604000646621,3,191,568
002,1,2,20260611,184702,160,3,1,62.9143,0.1943,60.0,2.9143,1,1,1,0.33112409990280867,79,304,1,56.0829,60.0,3.9171,0,0,1,0.2987029999494552,3,191,569
002,1,2,20260611,184704,161,3,1,74.5921,0.9728,60.0,14.5921,1,0,0,0.3163943999679759,79,304,1,62.9143,60.0,2.9143,1,1,1,0.3311240999028086,3,191,570
002,1,2,20260611,184706,162,3,1,61.809,0.1206,60.0,1.809,1,1,1,0.3322189999744296,80,305,1,74.5921,60.0,14.5921,1,0,0,0.3163943999679759,3,191,571
002,1,2,20260611,184708,163,3,1,52.9384,-0.4708,60.0,7.0616,0,0,1,0.3312186000403017,81,306,1,61.809,60.0,1.809,1,1,1,0.3322189999744296,3,191,572
002,1,2,20260611,184710,164,3,1,57.7309,-0.1513,60.0,2.2691,0,1,0,0.2845843000104651,81,306,1,52.9384,60.0,7.0616,0,0,1,0.3312186000403017,3,191,573
002,1,2,20260611,184712,165,3,1,54.0533,-0.3964,60.0,5.9467,0,0,1,0.21690940007101744,82,307,1,57.7309,60.0,2.2691,0,1,0,0.2845843000104651,3,191,574
002,1,2,20260611,184714,166,3,1,58.0326,-0.1312,60.0,1.9674,0,0,1,0.21585770009551197,83,308,1,54.0533,60.0,5.9467,0,0,1,0.2169094000710174,3,191,575
002,1,2,20260611,184716,167,3,1,49.7428,-0.6838,60.0,10.2572,0,1,0,0.23148069996386766,83,308,1,58.0326,60.0,1.9674,0,0,1,0.2158577000955119,3,191,576
002,1,2,20260611,184718,168,3,1,47.8251,-0.8117,60.0,12.1749,0,1,0,0.3657740999478847,83,308,1,49.7428,60.0,10.2572,0,1,0,0.2314806999638676,3,191,577
002,1,2,20260611,184720,169,3,1,69.5119,0.6341,60.0,9.5119,1,1,1,0.2812782999826595,84,309,1,47.8251,60.0,12.1749,0,1,0,0.3657740999478847,3,191,578
002,1,2,20260611,184722,170,3,1,53.6424,-0.4238,60.0,6.3576,0,0,1,0.21872629993595183,85,310,1,69.5119,60.0,9.5119,1,1,1,0.2812782999826595,3,191,579
002,1,2,20260611,184723,171,3,1,47.9819,-0.8012,60.0,12.0181,0,1,0,0.29755179991479963,85,310,1,53.6424,60.0,6.3576,0,0,1,0.2187262999359518,3,191,580
002,1,2,20260611,184725,172,3,1,69.5934,0.6396,60.0,9.5934,1,1,1,0.3333658999763429,86,311,1,47.9819,60.0,12.0181,0,1,0,0.2975517999147996,3,191,581
002,1,2,20260611,184727,173,3,1,50.1637,-0.6558,60.0,9.8363,0,0,1,0.2832678999984637,87,312,1,69.5934,60.0,9.5934,1,1,1,0.3333658999763429,3,191,582
002,1,2,20260611,184729,174,3,1,63.4343,0.229,60.0,3.4343,1,0,0,0.21527569997124374,87,312,1,50.1637,60.0,9.8363,0,0,1,0.2832678999984637,3,191,583
002,1,2,20260611,184731,175,3,1,60.2861,0.0191,60.0,0.2861,1,1,1,0.23353299999143928,88,313,1,63.4343,60.0,3.4343,1,0,0,0.2152756999712437,3,191,584
002,1,2,20260611,184733,176,3,1,53.0561,-0.4629,60.0,6.9439,0,0,1,0.23304710001684725,89,314,1,60.2861,60.0,0.2861,1,1,1,0.2335329999914392,3,191,585
002,1,2,20260611,184735,177,3,1,60.7997,0.0533,60.0,0.7997,1,0,0,0.31406940007582307,89,314,1,53.0561,60.0,6.9439,0,0,1,0.2330471000168472,3,191,586
002,1,2,20260611,184737,178,3,1,63.9752,0.265,60.0,3.9752,1,0,0,0.716899499995634,89,314,1,60.7997,60.0,0.7997,1,0,0,0.314069400075823,3,191,587
002,1,2,20260611,184740,179,3,1,65.3914,0.3594,60.0,5.3914,1,1,1,0.3325465000234544,90,315,1,63.9752,60.0,3.9752,1,0,0,0.716899499995634,3,191,588
002,1,2,20260611,184742,180,3,1,64.6285,0.3086,60.0,4.6285,1,1,1,0.6148927999893203,91,316,1,65.3914,60.0,5.3914,1,1,1,0.3325465000234544,3,191,589
002,1,2,20260611,184745,181,3,1,55.4441,-0.3037,60.0,4.5559,0,1,0,0.48266859992872924,91,316,1,64.6285,60.0,4.6285,1,1,1,0.6148927999893203,3,191,590
002,1,2,20260611,184747,182,3,1,58.0851,-0.1277,60.0,1.9149,0,1,0,0.41571750002913177,91,316,1,55.4441,60.0,4.5559,0,1,0,0.4826685999287292,3,191,591
002,1,2,20260611,184749,183,3,1,56.2095,-0.2527,60.0,3.7905,0,1,0,0.33296609995886683,91,316,1,58.0851,60.0,1.9149,0,1,0,0.4157175000291317,3,191,592
002,1,2,20260611,184751,184,3,1,54.0535,-0.3964,60.0,5.9465,0,0,1,0.34872360003646463,92,317,1,56.2095,60.0,3.7905,0,1,0,0.3329660999588668,3,191,593
002,1,2,20260611,184753,185,3,1,70.7048,0.7137,60.0,10.7048,1,0,0,0.33309740002732724,92,317,1,54.0535,60.0,5.9465,0,0,1,0.3487236000364646,3,191,594
002,1,2,20260611,184755,186,3,1,55.8834,-0.2744,60.0,4.1166,0,0,1,0.24948800005950034,93,318,1,70.7048,60.0,10.7048,1,0,0,0.3330974000273272,3,191,595
002,1,2,20260611,184757,187,3,1,71.5449,0.7697,60.0,11.5449,1,1,1,0.34727779997047037,94,319,1,55.8834,60.0,4.1166,0,0,1,0.2494880000595003,3,191,596
002,1,2,20260611,184759,188,3,1,59.2932,-0.0471,60.0,0.7068,0,0,1,0.3828179999254644,95,320,1,71.5449,60.0,11.5449,1,1,1,0.3472777999704703,3,191,597
002,1,2,20260611,184801,189,3,1,53.7143,-0.419,60.0,6.2857,0,0,1,0.26712239999324083,96,321,1,59.2932,60.0,0.7068,0,0,1,0.3828179999254644,3,191,598
002,1,2,20260611,184803,190,3,1,56.9767,-0.2016,60.0,3.0233,0,1,0,0.2983928999165073,96,321,1,53.7143,60.0,6.2857,0,0,1,0.2671223999932408,3,191,599
002,1,2,20260611,184805,191,3,1,55.3624,-0.3092,60.0,4.6376,0,1,0,0.31437469995580614,96,321,1,56.9767,60.0,3.0233,0,1,0,0.2983928999165073,3,191,600
